danceability,energy,key,loudness,mode,speechiness,acousticness,instrumentalness,liveness,valence,tempo,duration_ms,time_signature,analysis_url
0.566,0.716,1,-5.733,1,0.0424,0.00691,0.0,0.37,0.45,81.068,207481,4,https://api.spotify.com/v1/audio-analysis/249gnXrbfmV8NG6jTEMSwD
0.764,0.526,11,-7.355,1,0.212,0.0484,0.0,0.0718,0.588,114.91,222243,4,https://api.spotify.com/v1/audio-analysis/3QH8rQGNFX8VLbCgZ7uPTS
0.547,0.605,8,-6.755,1,0.0415,0.42,0.0,0.125,0.364,121.953,254950,4,https://api.spotify.com/v1/audio-analysis/0n2moJpAEWHwaPYYjkzMDl
0.703,0.321,4,-13.135,1,0.884,0.864,0.0,0.908,0.544,114.822,179548,4,https://api.spotify.com/v1/audio-analysis/4GVwjLRT7oSsKby7Vy8EHr
0.787,0.669,5,-4.333,0,0.0428,0.00782,0.0,0.123,0.57,104.994,202313,4,https://api.spotify.com/v1/audio-analysis/2FVpOsjT1iquZ3SpCjZ9Ne
0.731,0.845,8,-5.352,1,0.132,0.0132,0.0,0.0782,0.484,101.085,239722,4,https://api.spotify.com/v1/audio-analysis/54DmTIv86D3sYdiawjULQ0
0.582,0.693,6,-5.048,1,0.0465,0.114,0.0,0.13,0.341,125.904,204800,4,https://api.spotify.com/v1/audio-analysis/3ndCsZfq8OVwwkz9mmZvUz
0.746,0.765,6,-4.41,0,0.0993,0.0112,0.0,0.0936,0.737,114.044,199054,4,https://api.spotify.com/v1/audio-analysis/4saklk6nie3yiGePpBwUoc
0.566,0.716,1,-5.733,1,0.0424,0.00691,0.0,0.37,0.45,81.068,207481,4,https://api.spotify.com/v1/audio-analysis/4O3RT44ni2nuKJeOmw7NPM
0.764,0.526,11,-7.355,1,0.212,0.0484,0.0,0.0718,0.588,114.91,222243,4,https://api.spotify.com/v1/audio-analysis/5xfFv9ibZGTEEouUNmRvUg
0.547,0.605,8,-6.755,1,0.0415,0.42,0.0,0.125,0.364,121.953,254950,4,https://api.spotify.com/v1/audio-analysis/1dAxzkBm41M1puxxpd6FaV
0.703,0.321,4,-13.135,1,0.884,0.864,0.0,0.908,0.544,114.822,179548,4,https://api.spotify.com/v1/audio-analysis/6FOY0O1zkcfiPdXY0mDvsx
0.787,0.669,5,-4.333,0,0.0428,0.00782,0.0,0.123,0.57,104.994,202313,4,https://api.spotify.com/v1/audio-analysis/5fsaGiSOOpGY8QHS5aeJFg
0.731,0.845,8,-5.352,1,0.132,0.0132,0.0,0.0782,0.484,101.085,239722,4,https://api.spotify.com/v1/audio-analysis/2OMG3LnKtXKfM9l21Yoae2
0.582,0.693,6,-5.048,1,0.0465,0.114,0.0,0.13,0.341,125.904,204800,4,https://api.spotify.com/v1/audio-analysis/4E78cs6ihF8pqAV93TjOs4
0.746,0.765,6,-4.41,0,0.0993,0.0112,0.0,0.0936,0.737,114.044,199054,4,https://api.spotify.com/v1/audio-analysis/58fPSA7uhyxl0cb8v6Ob7K
0.486,0.61,10,-12.063,1,0.0348,0.582,0.791,0.144,0.0806,144.992,84613,4,https://api.spotify.com/v1/audio-analysis/5raJ9QoZOdoRZ1MZOcygkR
0.723,0.634,1,-5.415,1,0.0542,0.0892,0.0,0.0787,0.582,129.017,243267,4,https://api.spotify.com/v1/audio-analysis/3Ys2PYl1wyPKQIwyqhP9cQ
0.673,0.855,11,-4.65,0,0.089,0.0661,0.0,0.209,0.78,119.917,230013,4,https://api.spotify.com/v1/audio-analysis/1GAAUZBTaIM1LwNpOJQJrZ
0.571,0.703,7,-7.401,1,0.468,0.0163,0.0,0.262,0.238,104.067,225520,4,https://api.spotify.com/v1/audio-analysis/6P0Ni8GrnwRScC4uk8tKqM
0.455,0.893,7,-3.712,1,0.148,0.0218,0.0,0.358,0.588,175.992,248907,4,https://api.spotify.com/v1/audio-analysis/6j0NiWoRQDiNC05RwVVZNa
0.705,0.754,6,-5.453,0,0.0895,0.000331,0.0,0.129,0.422,126.014,223213,4,https://api.spotify.com/v1/audio-analysis/2vYF5MHeCNtqCVastthDAo
0.752,0.782,0,-5.173,0,0.0297,0.04,1.04e-06,0.0841,0.901,139.994,220053,4,https://api.spotify.com/v1/audio-analysis/4EeVAiJtyblHzvkN9sZCmM
0.546,0.682,2,-5.628,0,0.039,0.00362,0.0,0.295,0.433,154.923,243533,4,https://api.spotify.com/v1/audio-analysis/4jTEbIwCMcHSwlSEiR4NlQ
0.714,0.736,2,-5.724,0,0.0819,0.166,0.0,0.133,0.536,147.037,198760,4,https://api.spotify.com/v1/audio-analysis/5smmjzMNkj4YSacTBH6taZ
0.598,0.821,9,-5.653,0,0.114,0.119,0.0,0.298,0.428,105.991,247987,4,https://api.spotify.com/v1/audio-analysis/2hhizKAVm9wNn0d2N05jkG
0.608,0.644,5,-5.588,1,0.0314,0.156,0.0,0.124,0.431,99.005,292853,4,https://api.spotify.com/v1/audio-analysis/3TDUktzfYXMWjkWqwoT5F1
0.449,0.491,9,-6.433,0,0.029,0.279,0.0,0.0654,0.258,139.923,245147,4,https://api.spotify.com/v1/audio-analysis/3TZ7NHkMT82AhwuYsd00Hz
0.523,0.455,9,-14.26,0,0.0632,0.704,0.459,0.135,0.165,136.959,76507,4,https://api.spotify.com/v1/audio-analysis/0VF357Gjay5vvCqWA1kSu6
0.469,0.87,9,-4.475,0,0.342,0.0278,0.0,0.313,0.652,86.622,171023,4,https://api.spotify.com/v1/audio-analysis/7bDmeCTex6V7aByGNmv1D0
0.645,0.862,11,-4.757,0,0.0965,0.0923,0.0,0.192,0.798,119.991,229773,4,https://api.spotify.com/v1/audio-analysis/7lms7YsL3LxWC6Sg9K8C1h
0.638,0.703,7,-7.874,1,0.444,0.0104,0.0,0.132,0.261,105.766,226321,4,https://api.spotify.com/v1/audio-analysis/27GAEyWPTLMieO9ryUFy4I
0.608,0.47,8,-6.73,1,0.0428,0.226,0.0,0.0963,0.241,81.0,227275,4,https://api.spotify.com/v1/audio-analysis/65zXBmZyKWIy8rZNQjjh86
0.502,0.91,7,-2.769,1,0.107,0.04,0.0,0.319,0.588,176.084,249215,4,https://api.spotify.com/v1/audio-analysis/41MHwGoOI7RAhFmi7wHvXI
0.385,0.798,9,-6.439,0,0.483,0.115,0.0,0.181,0.141,149.756,259821,4,https://api.spotify.com/v1/audio-analysis/0ff7MSTK8Y0b92TQCxjhm4
0.719,0.758,2,-5.167,0,0.0851,0.137,0.0,0.129,0.49,147.023,198261,4,https://api.spotify.com/v1/audio-analysis/6XvR5NoPn6hAQ4XvJW18Z9
0.781,0.762,10,-5.188,0,0.0626,0.0222,0.0,0.121,0.86,110.042,180221,4,https://api.spotify.com/v1/audio-analysis/4ddjdyy29ADwNGdSz0ERef
0.674,0.64,0,-5.139,0,0.0339,0.151,0.0,0.0925,0.664,99.908,234458,4,https://api.spotify.com/v1/audio-analysis/2hFvzG33VpV8gsCs1YHMb3
0.643,0.667,0,-6.993,0,0.152,0.0433,0.0,0.0904,0.485,145.999,217404,4,https://api.spotify.com/v1/audio-analysis/6piu4ClbvlVI4GYoJ6CleG
0.583,0.817,9,-5.146,0,0.0987,0.118,0.0,0.338,0.438,105.936,246381,4,https://api.spotify.com/v1/audio-analysis/6xmllRxAVXF6il4BOO7GNG
0.72,0.824,10,-5.086,0,0.128,0.0394,0.0,0.0509,0.333,165.998,225012,4,https://api.spotify.com/v1/audio-analysis/3VbsXTdxBl6IavGjFZbl3R
0.566,0.548,1,-6.456,1,0.0579,0.0802,0.0,0.11,0.196,157.999,250296,4,https://api.spotify.com/v1/audio-analysis/6jyoGetvIVKYPyjSzfnLFz
0.589,0.696,11,-7.981,1,0.0725,0.017,0.0,0.0808,0.332,134.953,233266,4,https://api.spotify.com/v1/audio-analysis/6N1dT3gHkwIXxLD5NW5kjM
0.55,0.747,1,-5.211,1,0.0407,0.0668,0.0,0.0536,0.648,79.98,199339,4,https://api.spotify.com/v1/audio-analysis/04QxgGcJfmLu0VdUtpJUjm
0.703,0.646,6,-6.658,1,0.0596,0.0104,0.0,0.191,0.64,141.87,208590,4,https://api.spotify.com/v1/audio-analysis/0xOPxP77qyn7yfU8xdFBlF
0.661,0.84,0,-4.805,1,0.116,0.00485,0.0,0.287,0.524,91.457,237540,4,https://api.spotify.com/v1/audio-analysis/4ZqTbapP8Z2YC9Kbg9mlkY
0.526,0.575,9,-5.215,0,0.0309,0.225,0.0,0.108,0.19,84.047,261543,4,https://api.spotify.com/v1/audio-analysis/1UBQ9goca5pG61ewPL4NqG
0.808,0.903,0,-3.106,1,0.0958,0.0121,0.000233,0.0993,0.473,116.988,196199,4,https://api.spotify.com/v1/audio-analysis/2qtD6gCVY6eP8oRnJyiscg
0.591,0.848,9,-4.397,0,0.0828,0.137,0.0,0.372,0.386,105.922,246816,4,https://api.spotify.com/v1/audio-analysis/5ULNZsgJp1FqZ6JyKJUAFH
0.469,0.87,9,-4.475,0,0.342,0.0278,0.0,0.313,0.652,86.622,171023,4,https://api.spotify.com/v1/audio-analysis/2BgZrbbAZxSnyE7U5efVrG
0.645,0.862,11,-4.757,0,0.0965,0.0923,0.0,0.192,0.798,119.991,229773,4,https://api.spotify.com/v1/audio-analysis/1ZpFxOhpzT1MDCq7zjtOV1
0.638,0.703,7,-7.874,1,0.444,0.0104,0.0,0.132,0.261,105.766,226321,4,https://api.spotify.com/v1/audio-analysis/1OqkHhYOcqfwYx7LqlAE8Y
0.608,0.47,8,-6.73,1,0.0428,0.226,0.0,0.0963,0.241,81.0,227275,4,https://api.spotify.com/v1/audio-analysis/5oXdWFCLkBX5XmGbTrlK40
0.502,0.91,7,-2.769,1,0.107,0.04,0.0,0.319,0.588,176.084,249215,4,https://api.spotify.com/v1/audio-analysis/2SytGgja3g2R2N9lzV6n3E
0.385,0.798,9,-6.439,0,0.483,0.115,0.0,0.181,0.141,149.756,259821,4,https://api.spotify.com/v1/audio-analysis/2Nib4r0saYQf2pUV4RFDhl
0.719,0.758,2,-5.167,0,0.0851,0.137,0.0,0.129,0.49,147.023,198261,4,https://api.spotify.com/v1/audio-analysis/3bkkMZEAhx7rTVz1C0itRQ
0.781,0.762,10,-5.188,0,0.0626,0.0222,0.0,0.121,0.86,110.042,180221,4,https://api.spotify.com/v1/audio-analysis/0ono6UCNVZ1XqOm6j78Blu
0.674,0.64,0,-5.139,0,0.0339,0.151,0.0,0.0925,0.664,99.908,234458,4,https://api.spotify.com/v1/audio-analysis/4vTgx6h4seHvkuFh84JXYP
0.643,0.667,0,-6.993,0,0.152,0.0433,0.0,0.0904,0.485,145.999,217404,4,https://api.spotify.com/v1/audio-analysis/3op7HNwLli54MBjFGzIlZO
0.583,0.817,9,-5.146,0,0.0987,0.118,0.0,0.338,0.438,105.936,246381,4,https://api.spotify.com/v1/audio-analysis/2QyuXBcV1LJ2rq01KhreMF
0.72,0.824,10,-5.086,0,0.128,0.0394,0.0,0.0509,0.333,165.998,225012,4,https://api.spotify.com/v1/audio-analysis/1aKuG1GG76xPLUkjBbQo3W
0.566,0.548,1,-6.456,1,0.0579,0.0802,0.0,0.11,0.196,157.999,250296,4,https://api.spotify.com/v1/audio-analysis/4AlihYDqxXshKhvh5tnMfP
0.589,0.696,11,-7.981,1,0.0725,0.017,0.0,0.0808,0.332,134.953,233266,4,https://api.spotify.com/v1/audio-analysis/4BKOjYosPhw334moS3wlbO
0.55,0.747,1,-5.211,1,0.0407,0.0668,0.0,0.0536,0.648,79.98,199339,4,https://api.spotify.com/v1/audio-analysis/7w05lsU2VLSeiT8Nukrv5M
0.703,0.646,6,-6.658,1,0.0596,0.0104,0.0,0.191,0.64,141.87,208590,4,https://api.spotify.com/v1/audio-analysis/1xfXXujIlLZAx5wpu46Nyk
0.661,0.84,0,-4.805,1,0.116,0.00485,0.0,0.287,0.524,91.457,237540,4,https://api.spotify.com/v1/audio-analysis/37TSJmYKLxXmx8OehFpqMN
0.526,0.575,9,-5.215,0,0.0309,0.225,0.0,0.108,0.19,84.047,261543,4,https://api.spotify.com/v1/audio-analysis/44WLOqH7QayQOQdeUHeKUK
0.808,0.903,0,-3.106,1,0.0958,0.0121,0.000233,0.0993,0.473,116.988,196199,4,https://api.spotify.com/v1/audio-analysis/3r9FFjLrAIQjoR8pSHVPC9
0.591,0.848,9,-4.397,0,0.0828,0.137,0.0,0.372,0.386,105.922,246816,4,https://api.spotify.com/v1/audio-analysis/3IB5qOeMayvpOdHxYCL5tZ
0.486,0.871,9,-4.475,0,0.337,0.0278,0.0,0.313,0.659,85.411,171023,4,https://api.spotify.com/v1/audio-analysis/7z6P5nmvbeHwBki0OAJJQy
0.645,0.862,11,-4.761,0,0.0845,0.0933,0.0,0.193,0.803,119.947,229773,4,https://api.spotify.com/v1/audio-analysis/72juT36tH9umBL3xtn7mWf
0.639,0.706,7,-7.874,1,0.448,0.0104,0.0,0.132,0.259,105.782,226321,4,https://api.spotify.com/v1/audio-analysis/76XrbHh9pbauMnX0l0AU25
0.608,0.47,8,-6.73,1,0.0428,0.226,0.0,0.0963,0.241,81.0,227275,4,https://api.spotify.com/v1/audio-analysis/5bO3D3eQ7z1scnsTfEZE2Y
0.502,0.91,7,-2.769,1,0.107,0.04,0.0,0.319,0.588,176.084,249215,4,https://api.spotify.com/v1/audio-analysis/17HEvyNVOHaexCngxnAwXJ
0.384,0.798,9,-6.439,0,0.434,0.115,0.0,0.181,0.146,149.854,259821,4,https://api.spotify.com/v1/audio-analysis/41nIJJ34mcu0Xlju1CDKjn
0.719,0.757,2,-5.167,0,0.0849,0.137,0.0,0.129,0.489,147.024,198261,4,https://api.spotify.com/v1/audio-analysis/4TaJlCXAkv1WKYODXmq75b
0.779,0.762,10,-5.188,0,0.0631,0.0224,0.0,0.121,0.859,110.043,180221,4,https://api.spotify.com/v1/audio-analysis/5yVdSyfWGh8EvolcR2fGFU
0.674,0.641,0,-5.139,0,0.0339,0.149,0.0,0.0925,0.664,99.91,234458,4,https://api.spotify.com/v1/audio-analysis/32dX0j8hzoztvO4ZXIblbX
0.643,0.667,0,-6.947,0,0.151,0.0432,0.0,0.0904,0.478,145.999,217404,4,https://api.spotify.com/v1/audio-analysis/7rWZS6UDNgLbtCgq3eUrdM
0.583,0.817,9,-5.146,0,0.099,0.118,0.0,0.338,0.437,105.935,246381,4,https://api.spotify.com/v1/audio-analysis/3cbLHmmEPvTgHKvl53WYiy
0.72,0.824,10,-5.086,0,0.128,0.0394,0.0,0.0509,0.333,165.996,225012,4,https://api.spotify.com/v1/audio-analysis/200110T27gmATYagfNYzkF
0.56,0.547,1,-6.456,1,0.0675,0.0806,0.0,0.11,0.199,157.962,250296,4,https://api.spotify.com/v1/audio-analysis/4lFT5k1oh0tqa8HX6N2HC5
0.589,0.696,11,-7.981,1,0.0725,0.017,0.0,0.0808,0.33,134.953,233266,4,https://api.spotify.com/v1/audio-analysis/0GISuIGiksexkuD4krw6PN
0.55,0.747,1,-5.211,1,0.0407,0.0668,0.0,0.0536,0.649,79.979,199339,4,https://api.spotify.com/v1/audio-analysis/2dkFOWqyiVFS3xsQUEdBJG
0.704,0.646,6,-6.658,1,0.0596,0.0104,0.0,0.191,0.64,141.87,208590,4,https://api.spotify.com/v1/audio-analysis/1kBDdMMhlNZtfa1CkAvKae
0.661,0.838,0,-4.806,1,0.116,0.00491,0.0,0.287,0.526,91.463,237540,4,https://api.spotify.com/v1/audio-analysis/0DEdF1WCE93oW0VICMDx5T
0.522,0.574,9,-5.225,0,0.0317,0.224,0.0,0.108,0.176,84.044,261543,4,https://api.spotify.com/v1/audio-analysis/24UdklPfDXaq7Pw5UfoWpc
0.808,0.903,0,-3.106,1,0.0957,0.0121,0.000248,0.0993,0.473,116.988,196199,4,https://api.spotify.com/v1/audio-analysis/06bwLBRfk0UuPDrXUe0NqG
0.591,0.848,9,-4.396,0,0.0828,0.137,0.0,0.372,0.385,105.924,246816,4,https://api.spotify.com/v1/audio-analysis/6lutTv6vHG0GGf8L962cZA
0.469,0.87,9,-4.475,0,0.342,0.0278,0.0,0.313,0.652,86.622,171023,4,https://api.spotify.com/v1/audio-analysis/2isSdmQfVv32j2haL6hk9x
0.645,0.862,11,-4.757,0,0.0965,0.0923,0.0,0.192,0.798,119.991,229773,4,https://api.spotify.com/v1/audio-analysis/5KawlOMHjWeUjQtnuRs22c
0.58,0.858,8,-5.212,1,0.114,0.125,0.0,0.0502,0.475,174.039,224225,3,https://api.spotify.com/v1/audio-analysis/5hnbE5BF2e8BCk9OMR1UVC
0.638,0.703,7,-7.874,1,0.444,0.0104,0.0,0.132,0.261,105.766,226321,4,https://api.spotify.com/v1/audio-analysis/6KUE0HSSudAp9AOycaF6SH
0.633,0.799,7,-4.625,0,0.0429,0.0142,0.0,0.194,0.535,142.991,234178,4,https://api.spotify.com/v1/audio-analysis/7lthOBXNue2IvedLRfkod8
0.608,0.47,8,-6.73,1,0.0428,0.226,0.0,0.0963,0.241,81.0,227275,4,https://api.spotify.com/v1/audio-analysis/0eeeyCAGnGZInPtpkdYiPa
0.502,0.91,7,-2.769,1,0.107,0.04,0.0,0.319,0.588,176.084,249215,4,https://api.spotify.com/v1/audio-analysis/6JdS5rJvJaRA7B1tcm7kxZ
0.486,0.871,9,-4.475,0,0.337,0.0278,0.0,0.313,0.659,85.411,171023,4,https://api.spotify.com/v1/audio-analysis/2mgrbH66yFGvuv21GScUjf
0.645,0.862,11,-4.761,0,0.0845,0.0933,0.0,0.193,0.803,119.947,229773,4,https://api.spotify.com/v1/audio-analysis/6kvhVDjY3s70PwM7naA5O2
0.579,0.858,8,-5.212,1,0.114,0.125,0.0,0.0502,0.475,174.043,224225,3,https://api.spotify.com/v1/audio-analysis/3DfLM8Tp8opz7gofnoQLKR
0.639,0.706,7,-7.874,1,0.448,0.0104,0.0,0.132,0.259,105.782,226321,4,https://api.spotify.com/v1/audio-analysis/6hLtMEWx435XkhGOxEWlYr
0.633,0.799,7,-4.625,0,0.0427,0.0144,0.0,0.194,0.534,142.991,234178,4,https://api.spotify.com/v1/audio-analysis/2P1hmH4KkSi46g1CrYQohn
0.608,0.47,8,-6.73,1,0.0428,0.226,0.0,0.0963,0.241,81.0,227275,4,https://api.spotify.com/v1/audio-analysis/7jZub0BqJicmH89lx3GgxC
0.502,0.91,7,-2.769,1,0.107,0.04,0.0,0.319,0.588,176.084,249215,4,https://api.spotify.com/v1/audio-analysis/4OGpxZkJe8LQunidiyWtzu
0.775,0.272,1,-9.126,0,0.091,0.56,0.00278,0.112,0.198,103.991,196998,3,https://api.spotify.com/v1/audio-analysis/71dRDyRafdqnmJgg59UhSf
0.557,0.719,2,-4.515,0,0.0371,0.00267,0.0,0.306,0.345,77.502,242334,4,https://api.spotify.com/v1/audio-analysis/2bGEF6kgfsm65FcySRoEL8
0.571,0.422,1,-7.561,0,0.0422,0.374,0.0,0.127,0.169,113.016,242293,4,https://api.spotify.com/v1/audio-analysis/2JbcAngUDTCCk4dq3MAmPr
0.665,0.687,11,-6.466,0,0.0547,0.155,9.28e-05,0.173,0.651,106.023,230063,4,https://api.spotify.com/v1/audio-analysis/1VjyQaNzHNQaOTyG2IidCz
0.551,0.828,5,-5.523,1,0.352,0.214,0.0,0.0571,0.928,139.662,211224,4,https://api.spotify.com/v1/audio-analysis/26riAM6N3mEGaeUDY7rgnv
0.637,0.876,9,-4.652,1,0.0618,0.0483,0.0,0.0728,0.759,149.93,221529,4,https://api.spotify.com/v1/audio-analysis/35BcfiSFKVMRAOH934ndZ8
0.531,0.661,1,-5.836,1,0.0907,0.103,0.0,0.0779,0.278,149.934,275696,4,https://api.spotify.com/v1/audio-analysis/4qx1d1kUKSymsi4228TuWT
0.77,0.817,0,-4.092,0,0.0339,0.0265,0.000103,0.084,0.866,139.979,218615,4,https://api.spotify.com/v1/audio-analysis/06tITHoF7a66mkjJKiwdXU
0.813,0.876,1,-2.92,0,0.0922,0.024,0.0,0.287,0.757,98.989,232966,4,https://api.spotify.com/v1/audio-analysis/2iFUxttby8fUdDBf9kRjTz
0.657,0.883,9,-4.294,0,0.0733,0.0238,0.0,0.0481,0.461,129.943,281521,4,https://api.spotify.com/v1/audio-analysis/3BDqzkxxTRAao8eZqdMp0u
0.711,0.903,6,-2.723,0,0.246,0.327,0.0,0.0887,0.469,140.02,284981,4,https://api.spotify.com/v1/audio-analysis/2UKv5osm51ObzZYACaZezr
0.775,0.271,1,-9.131,0,0.092,0.554,0.00285,0.112,0.204,104.001,196998,3,https://api.spotify.com/v1/audio-analysis/6ePyl2ns4b7MVYhjsj32ZK
0.557,0.719,2,-4.515,0,0.0372,0.00267,0.0,0.306,0.344,77.501,242334,4,https://api.spotify.com/v1/audio-analysis/3aW0ds4A4tSQDIp75FqWTo
0.57,0.422,1,-7.561,0,0.0422,0.372,0.0,0.127,0.169,113.007,242293,4,https://api.spotify.com/v1/audio-analysis/48XfojJC87VKLlUotYV0Gm
0.664,0.688,11,-6.466,0,0.0543,0.153,9.14e-05,0.173,0.65,106.022,230063,4,https://api.spotify.com/v1/audio-analysis/38td8VabuKlQt72Q2VnhbO
0.519,0.828,5,-5.523,1,0.365,0.214,0.0,0.0571,0.929,139.413,211224,4,https://api.spotify.com/v1/audio-analysis/01dmH2IPkrLNWIMPNXlreE
0.636,0.876,9,-4.652,1,0.0617,0.0487,0.0,0.0728,0.759,149.932,221529,4,https://api.spotify.com/v1/audio-analysis/645YBsxhFPSOKxGep3uHLv
0.541,0.661,1,-5.838,1,0.0889,0.103,0.0,0.0779,0.285,149.926,275696,4,https://api.spotify.com/v1/audio-analysis/22ryCgQttpV7oCrn7llGRu
0.769,0.817,0,-4.092,0,0.0339,0.0268,9.95e-05,0.084,0.866,139.979,218615,4,https://api.spotify.com/v1/audio-analysis/1trFxVLL8WKhYap543e74l
0.813,0.875,1,-2.92,0,0.0918,0.0237,0.0,0.288,0.756,99.004,232966,4,https://api.spotify.com/v1/audio-analysis/4lRwa7PKcGIuJMwtPIYKdy
0.656,0.883,9,-4.294,0,0.0737,0.0238,0.0,0.0481,0.46,129.947,281521,4,https://api.spotify.com/v1/audio-analysis/4CvId64YZSB0RfRdfzPIQU
0.711,0.903,6,-2.723,0,0.247,0.327,0.0,0.0887,0.467,140.015,284981,4,https://api.spotify.com/v1/audio-analysis/5p10VwQ8LRoyTc8LFrvPw6
0.589,0.824,10,-6.402,0,0.26,0.552,0.0275,0.133,0.207,115.3,86053,4,https://api.spotify.com/v1/audio-analysis/3asJVXjbxNEOwPUL47wvcc
0.659,0.769,0,-4.262,0,0.0831,0.0366,0.0,0.405,0.398,122.006,227920,4,https://api.spotify.com/v1/audio-analysis/6yGKx4J9UdMp7tcaGXWzDj
0.61,0.892,0,-3.52,0,0.108,0.0704,0.0,0.315,0.576,93.039,216707,4,https://api.spotify.com/v1/audio-analysis/6u1ILVDFXcmQGQGCA3h849
0.574,0.761,1,-3.579,0,0.0849,0.00335,0.0,0.0645,0.597,129.817,223707,4,https://api.spotify.com/v1/audio-analysis/4Bkh5uDlP14vneIoRG0umC
0.598,0.938,0,-4.068,0,0.143,0.00191,0.0,0.88,0.672,110.021,233880,4,https://api.spotify.com/v1/audio-analysis/6aJj9OlLiZVagW8fd8ZtK3
0.664,0.913,3,-4.474,0,0.148,0.0136,0.0,0.1,0.622,169.974,238227,4,https://api.spotify.com/v1/audio-analysis/3N6te5xi59Ex4HudLKsgGS
0.62,0.778,8,-4.622,0,0.0724,0.116,0.0,0.312,0.386,147.012,227413,4,https://api.spotify.com/v1/audio-analysis/3zIG0WuI5RoJsFYnErkFDU
0.837,0.69,10,-4.705,0,0.088,0.222,0.0,0.0833,0.847,136.07,237307,4,https://api.spotify.com/v1/audio-analysis/0YguyyCOTyujhSDXWyB4W3
0.618,0.766,3,-4.507,1,0.0323,0.117,0.0,0.121,0.448,113.997,323360,4,https://api.spotify.com/v1/audio-analysis/6NbfFVZ01Ttvvqmcok8DxL
0.572,0.825,8,-4.383,1,0.037,0.104,0.0,0.085,0.424,106.976,276840,4,https://api.spotify.com/v1/audio-analysis/4a8guR4owPEdDyLsPIC6HP
0.558,0.863,4,-3.53,1,0.178,0.17,0.0,0.289,0.388,173.908,299707,4,https://api.spotify.com/v1/audio-analysis/1OqDvYVDhJyFZny7XlfIyZ
0.729,0.386,2,-5.623,1,0.382,0.864,0.574,0.114,0.0567,90.138,74747,4,https://api.spotify.com/v1/audio-analysis/0qrPZ27AhOahJivGsDbUSS
0.477,0.581,8,-8.795,1,0.119,0.523,0.0,0.201,0.282,129.571,139972,4,https://api.spotify.com/v1/audio-analysis/6xf2WKugbdvkltx8HPtMth
0.599,0.775,1,-4.018,0,0.0543,0.0217,0.0,0.0678,0.696,129.817,223123,4,https://api.spotify.com/v1/audio-analysis/35FNfIOs3J1DGDKuDoahRx
0.655,0.756,8,-4.388,1,0.07,0.0298,0.0,0.396,0.469,121.936,227191,4,https://api.spotify.com/v1/audio-analysis/0ef5dS9koP6QNPMdOueg4v
0.612,0.844,5,-4.694,0,0.0757,0.14,0.0,0.289,0.652,134.872,196776,4,https://api.spotify.com/v1/audio-analysis/3koVXejNP4AUxYTCl3g0yv
0.583,0.712,2,-4.942,0,0.0326,0.2,0.0,0.268,0.778,94.051,245621,4,https://api.spotify.com/v1/audio-analysis/5TKhAIdfBgwfkhuSzNeUHE
0.315,0.694,3,-15.389,1,0.398,0.38,0.000203,0.66,0.327,90.586,107062,3,https://api.spotify.com/v1/audio-analysis/3tHdxakZXfXLtVlXfJsONL
0.667,0.889,6,-4.851,1,0.0917,0.00912,0.0,0.0816,0.541,169.961,238193,4,https://api.spotify.com/v1/audio-analysis/2x1FVq8OWvB6U9QE4wUtpo
0.856,0.617,10,-5.308,0,0.084,0.171,0.0,0.0857,0.759,136.081,235780,4,https://api.spotify.com/v1/audio-analysis/5S3JyppRlfFJEQ2483OXqw
0.48,0.927,3,-5.704,1,0.27,0.317,0.0,0.0583,0.45,88.804,228613,4,https://api.spotify.com/v1/audio-analysis/68VyLnTpNSeuGUOghdt6MS
0.476,0.581,8,-8.795,1,0.12,0.523,0.0,0.201,0.282,129.568,139972,4,https://api.spotify.com/v1/audio-analysis/7iV733e1KacKrFRaBNxVEf
0.598,0.775,1,-4.035,0,0.0545,0.022,0.0,0.0677,0.687,129.819,223123,4,https://api.spotify.com/v1/audio-analysis/5SE57ljOIUJ1ybL9U6CuBH
0.651,0.756,8,-4.388,1,0.0762,0.0298,0.0,0.396,0.473,121.96,227191,4,https://api.spotify.com/v1/audio-analysis/2tdq0CeAGSfhI2l4Gwkvgx
0.612,0.844,5,-4.694,0,0.0756,0.142,0.0,0.287,0.653,134.868,196776,4,https://api.spotify.com/v1/audio-analysis/3ryjLm3oupIjJFGc39naNi
0.583,0.712,2,-4.942,0,0.0326,0.2,0.0,0.268,0.776,94.051,245621,4,https://api.spotify.com/v1/audio-analysis/0ffweDHrg4bZqdG4IfGYuo
0.252,0.694,0,-15.389,0,0.429,0.38,0.000203,0.66,0.325,87.293,107062,3,https://api.spotify.com/v1/audio-analysis/7KXEhfjwdxHVra8VcT2QHH
0.667,0.889,6,-4.851,1,0.0918,0.00912,0.0,0.0816,0.541,169.959,238193,4,https://api.spotify.com/v1/audio-analysis/2SYa5Lx1uoCvyDIW4oee9b
0.856,0.617,10,-5.308,0,0.0841,0.171,0.0,0.0857,0.759,136.082,235780,4,https://api.spotify.com/v1/audio-analysis/5nq1uTNIR1cBR72T87viS0
0.481,0.927,3,-5.704,1,0.27,0.317,0.0,0.0583,0.448,88.931,228613,4,https://api.spotify.com/v1/audio-analysis/3l8yQMdniG6Os8gUBNXV57
0.573,0.89,5,-3.53,0,0.214,0.0212,0.0,0.132,0.242,130.254,121773,4,https://api.spotify.com/v1/audio-analysis/7otBfv2vS4lV6ldLBXtxnI
0.577,0.894,0,-3.554,0,0.122,0.0262,0.0,0.354,0.573,93.028,217053,4,https://api.spotify.com/v1/audio-analysis/10qh06Tlh1swi7GsDVbxk6
0.578,0.839,9,-5.268,0,0.0433,0.00347,0.000427,0.143,0.275,130.966,229733,4,https://api.spotify.com/v1/audio-analysis/2lrF1gEMqLoLsg96jySzjL
0.54,0.784,6,-5.617,0,0.0344,0.00279,0.0,0.195,0.485,94.081,215760,3,https://api.spotify.com/v1/audio-analysis/2fvhowQ2nSsiddNPY0Kemv
0.521,0.483,0,-5.564,0,0.0982,0.157,0.0,0.152,0.321,136.042,216053,4,https://api.spotify.com/v1/audio-analysis/6LaUSrf3MRbMTzb7YSD8y1
0.565,0.732,8,-6.04,0,0.341,0.352,0.0,0.166,0.675,87.326,189800,4,https://api.spotify.com/v1/audio-analysis/764muUblv56KXORB5JaHY1
0.517,0.615,2,-7.989,1,0.129,0.0131,2.14e-06,0.175,0.282,148.032,233920,4,https://api.spotify.com/v1/audio-analysis/4bMf2LMYUeJl1XfE04KIbw
0.543,0.738,5,-4.843,0,0.212,0.000275,9.84e-06,0.0816,0.45,185.998,212267,4,https://api.spotify.com/v1/audio-analysis/3cJqkUx4ad5fWPQg11VF45
0.46,0.487,5,-6.586,0,0.0316,0.019,1.93e-06,0.275,0.332,72.23,226173,4,https://api.spotify.com/v1/audio-analysis/1nXJcXjEiSu6RjRPNwcNuJ
0.541,0.838,0,-4.19,1,0.0552,0.00044,0.0,0.0602,0.454,85.024,241787,4,https://api.spotify.com/v1/audio-analysis/2xptBKeEHRifWqDSpOrk8k
0.814,0.79,1,-4.408,0,0.0814,0.00555,1.2e-05,0.0539,0.401,119.982,294453,4,https://api.spotify.com/v1/audio-analysis/4EAlDRXzzxa9EDk3rCttHN
0.759,0.84,6,-5.005,1,0.0494,0.00132,2.04e-05,0.088,0.683,108.011,213080,4,https://api.spotify.com/v1/audio-analysis/6FGfFv2BNsd7YCCSXi5DJ6
0.717,0.907,2,-3.549,1,0.064,0.00345,0.0,0.0544,0.783,101.03,192600,4,https://api.spotify.com/v1/audio-analysis/6AhqEDg5sFQoX8xiiMX0Wg
0.446,0.928,7,-4.085,1,0.251,0.0262,0.0,0.103,0.611,169.906,272547,4,https://api.spotify.com/v1/audio-analysis/6CVWfmWBnw3fECV2hpo6Hh
0.539,0.846,8,-3.188,1,0.0358,0.00672,1.46e-06,0.131,0.461,106.988,274093,4,https://api.spotify.com/v1/audio-analysis/5xFoqABWVj4FIAf7vQX8FN
0.595,0.939,8,-3.413,1,0.141,0.00215,0.0,0.935,0.653,110.04,231853,4,https://api.spotify.com/v1/audio-analysis/46qcoYJhhjkQoSfMjKs6sO
0.656,0.9,11,-3.098,0,0.106,0.0052,0.0,0.0856,0.645,124.976,225453,4,https://api.spotify.com/v1/audio-analysis/2I5qMlv43L5UbimvjzWhzz
0.698,0.901,8,-4.702,1,0.148,0.00506,0.0,0.0729,0.554,127.995,156053,4,https://api.spotify.com/v1/audio-analysis/7sese9JnyjwwgscEp2aGP2
0.573,0.89,5,-3.53,0,0.214,0.0212,0.0,0.132,0.242,130.254,121771,4,https://api.spotify.com/v1/audio-analysis/2nYeLw0cKYK32x3R4xfszY
0.583,0.885,0,-3.571,0,0.106,0.0244,0.0,0.357,0.601,92.959,217052,4,https://api.spotify.com/v1/audio-analysis/6CmEiwG6PRrEjPrN6CJYQq
0.566,0.844,9,-5.222,0,0.0444,0.00361,0.000257,0.141,0.291,131.049,229740,4,https://api.spotify.com/v1/audio-analysis/4HQ22c749XoBEnLbTFNojg
0.542,0.777,6,-5.582,0,0.033,0.00331,0.0,0.178,0.503,94.069,215753,3,https://api.spotify.com/v1/audio-analysis/5MUexKUkwBxDPCQbbqmF9q
0.583,0.475,0,-5.556,0,0.0846,0.148,0.0,0.139,0.332,136.034,216063,4,https://api.spotify.com/v1/audio-analysis/1vB4viek8riCix3oKRTEH9
0.517,0.741,8,-5.997,0,0.323,0.362,0.0,0.164,0.672,86.526,189795,4,https://api.spotify.com/v1/audio-analysis/4ND6yU6omirJrzK7y1oide
0.56,0.607,2,-7.991,1,0.076,0.0135,1.63e-06,0.2,0.27,73.995,233917,4,https://api.spotify.com/v1/audio-analysis/4M9gBQfL21fW6XnVYYK3x3
0.544,0.739,5,-4.818,0,0.232,0.000226,2.14e-05,0.0816,0.467,185.81,212275,4,https://api.spotify.com/v1/audio-analysis/4bAeMqbuBUj0DFeHIBQQTt
0.357,0.498,3,-6.589,1,0.0332,0.023,1.99e-06,0.269,0.339,142.816,226161,4,https://api.spotify.com/v1/audio-analysis/4ZI7c5pLm0OOWQzI5JzVyo
0.547,0.84,9,-4.156,0,0.0551,0.000371,0.0,0.0562,0.479,85.001,241787,4,https://api.spotify.com/v1/audio-analysis/1EB1CrSfftAQLRsQtDOivu
0.817,0.797,1,-4.395,0,0.084,0.00533,7.77e-06,0.0551,0.362,119.977,294463,4,https://api.spotify.com/v1/audio-analysis/08cg1mkpUaCGkBqy0DwWTA
0.761,0.834,6,-4.992,1,0.0494,0.00125,1e-05,0.0868,0.68,107.988,213082,4,https://api.spotify.com/v1/audio-analysis/4fnqOPSFG7PI5ng1rDHS7l
0.716,0.906,2,-3.539,1,0.0717,0.00423,0.0,0.0547,0.762,101.028,192597,4,https://api.spotify.com/v1/audio-analysis/02NkvjI3og7b0OeTv0Tmdb
0.439,0.928,7,-4.096,1,0.233,0.0254,0.0,0.1,0.599,169.928,272537,4,https://api.spotify.com/v1/audio-analysis/5fYm8baZVZwc1p4xUyjRub
0.539,0.846,8,-3.192,1,0.0354,0.0063,1.68e-06,0.13,0.46,106.992,274097,4,https://api.spotify.com/v1/audio-analysis/0WNGsQ1oAuHzNTk8jivBKW
0.594,0.946,8,-3.408,1,0.126,0.00181,1.04e-06,0.923,0.665,110.024,231860,4,https://api.spotify.com/v1/audio-analysis/4hrpoqJMVE7FxBu1YWx0eQ
0.654,0.903,11,-3.117,0,0.121,0.00503,0.0,0.0875,0.659,124.988,225447,4,https://api.spotify.com/v1/audio-analysis/1yEzWCIc2MUt9Fw1p25YUo
0.695,0.903,8,-4.788,1,0.152,0.00596,0.0,0.0668,0.59,127.99,156061,4,https://api.spotify.com/v1/audio-analysis/0rwNiysHvEWZWendzWyadr
0.573,0.89,5,-3.53,0,0.214,0.0212,0.0,0.132,0.242,130.251,121771,4,https://api.spotify.com/v1/audio-analysis/1LXUYGnpnQjhl7q0YuvIJ6
0.584,0.885,0,-3.571,0,0.104,0.0244,0.0,0.357,0.605,92.9,217052,4,https://api.spotify.com/v1/audio-analysis/645FheoaocvUcXgPqBRHgk
0.566,0.842,9,-5.222,0,0.0442,0.00357,0.000253,0.141,0.308,131.05,229740,4,https://api.spotify.com/v1/audio-analysis/3DUr6Q28QKMtxGIvVUJ8i8
0.541,0.779,6,-5.581,0,0.033,0.00338,0.0,0.177,0.501,94.069,215753,3,https://api.spotify.com/v1/audio-analysis/36ILhzjBBO7OxuvxRnkase
0.566,0.475,0,-5.556,0,0.089,0.148,0.0,0.139,0.335,136.442,216063,4,https://api.spotify.com/v1/audio-analysis/6D6NtRzsOErHlsRruzqhWc
0.545,0.74,8,-5.997,0,0.308,0.364,0.0,0.164,0.671,86.842,189795,4,https://api.spotify.com/v1/audio-analysis/1qfAXIUB980S7YjCMfv7ur
0.555,0.607,2,-7.991,1,0.085,0.0135,1.59e-06,0.2,0.273,73.997,233917,4,https://api.spotify.com/v1/audio-analysis/13nbnKYKaQSkYmex1N9fgh
0.543,0.739,5,-4.818,0,0.232,0.000226,2.14e-05,0.0816,0.466,185.832,212275,4,https://api.spotify.com/v1/audio-analysis/2GajiftqFKS8BY9319Mz7G
0.35,0.498,3,-6.589,1,0.0332,0.023,1.99e-06,0.269,0.34,142.803,226161,4,https://api.spotify.com/v1/audio-analysis/53WYu2zRRzAzQMyy6F9tQs
0.547,0.838,9,-4.157,0,0.0544,0.000374,0.0,0.0562,0.47,85.018,241787,4,https://api.spotify.com/v1/audio-analysis/4giSOSpaWQWZvAy8aKB2vc
0.817,0.797,1,-4.395,0,0.0839,0.00533,7.77e-06,0.0551,0.361,119.978,294463,4,https://api.spotify.com/v1/audio-analysis/31989evALrVGjPVnXgmn3d
0.76,0.834,6,-4.992,1,0.0494,0.00125,1.07e-05,0.0868,0.679,107.988,213082,4,https://api.spotify.com/v1/audio-analysis/6FmrplLYNKn2Ge9vJlp9lD
0.716,0.906,2,-3.539,1,0.0719,0.00424,0.0,0.0547,0.763,101.029,192597,4,https://api.spotify.com/v1/audio-analysis/6VEXkpKk2hurULaHEGfN6u
0.442,0.928,7,-4.096,1,0.207,0.0257,0.0,0.1,0.601,169.847,272537,4,https://api.spotify.com/v1/audio-analysis/7INE2VSWaWqqbRriqedjqu
0.539,0.846,8,-3.192,1,0.0354,0.00631,1.71e-06,0.13,0.462,106.994,274097,4,https://api.spotify.com/v1/audio-analysis/0T3WfdRMvubYcDGG4YJqZo
0.593,0.945,8,-3.408,1,0.126,0.00174,0.0,0.923,0.674,110.023,231860,4,https://api.spotify.com/v1/audio-analysis/4fAziGKoqfWR21gH5Ek35q
0.651,0.903,11,-3.117,0,0.129,0.00503,0.0,0.0875,0.658,125.032,225447,4,https://api.spotify.com/v1/audio-analysis/0iB1sjwJJNcpHN9nKjrD0E
0.696,0.903,8,-4.788,1,0.151,0.00596,0.0,0.0668,0.59,127.994,156061,4,https://api.spotify.com/v1/audio-analysis/5IKPdx15Zhuadhj5emCFQH
0.554,0.905,5,-3.465,0,0.25,0.0228,0.0,0.362,0.255,130.032,122080,4,https://api.spotify.com/v1/audio-analysis/5uRIvJHMHo99vBaTBsgvrH
0.579,0.89,0,-3.553,0,0.111,0.0253,0.0,0.358,0.588,93.03,217027,4,https://api.spotify.com/v1/audio-analysis/6jq9F7GSXFtqKwb1dW2Mxn
0.574,0.851,9,-5.249,0,0.0437,0.00372,0.000122,0.14,0.256,130.93,229720,4,https://api.spotify.com/v1/audio-analysis/0oanbKJIff7s5e7EhckbI7
0.547,0.797,6,-5.599,0,0.0339,0.00255,0.0,0.228,0.49,94.074,215733,3,https://api.spotify.com/v1/audio-analysis/5MmABMNE9bQlzrk3bVR09B
0.444,0.484,0,-5.602,0,0.129,0.156,0.0,0.18,0.372,134.093,216040,4,https://api.spotify.com/v1/audio-analysis/4xTBGxSMgxcpJjMNnIKTl5
0.553,0.745,8,-5.977,0,0.313,0.365,0.0,0.167,0.71,87.587,189773,4,https://api.spotify.com/v1/audio-analysis/1KpAlOIM2IBKSQSkvRgblQ
0.528,0.621,2,-8.057,1,0.0931,0.0115,2.01e-06,0.16,0.317,147.997,233893,4,https://api.spotify.com/v1/audio-analysis/5zKHgPQRnzFLGiUnU1SCVv
0.544,0.744,5,-4.795,0,0.219,0.000222,1.66e-05,0.0796,0.437,185.996,212253,4,https://api.spotify.com/v1/audio-analysis/00EpTcZPrp4vNv8aToYBpv
0.311,0.504,3,-6.566,1,0.034,0.0225,1.13e-06,0.288,0.308,143.205,226133,4,https://api.spotify.com/v1/audio-analysis/19A5anJ64b157jUzr9PDMd
0.401,0.836,0,-4.206,1,0.0828,0.000371,0.0,0.0477,0.396,84.748,241773,4,https://api.spotify.com/v1/audio-analysis/3m89n4dEXFD2S14Q2EcygO
0.821,0.79,1,-4.422,0,0.0779,0.0056,9.84e-06,0.0541,0.373,119.965,294440,4,https://api.spotify.com/v1/audio-analysis/0iHSING1EOD8eoW0twTnPe
0.756,0.834,10,-4.983,0,0.0568,0.00158,5.5e-06,0.0824,0.634,107.968,213040,4,https://api.spotify.com/v1/audio-analysis/6idFWORbGH9bH3Y9ktysWx
0.715,0.901,2,-3.534,1,0.0634,0.00417,0.0,0.0546,0.829,101.023,192600,4,https://api.spotify.com/v1/audio-analysis/27ZWceiCHYP1SVPDn05OO9
0.43,0.929,11,-4.089,0,0.249,0.0232,0.0,0.102,0.61,169.74,272507,4,https://api.spotify.com/v1/audio-analysis/18wfNzieLOgddJzOeJhokU
0.64,0.85,11,-3.078,0,0.0884,0.0103,0.0,0.0962,0.616,125.007,144920,4,https://api.spotify.com/v1/audio-analysis/63sjBMqEHNFuXIYaQkuF0q
0.573,0.89,5,-3.53,0,0.214,0.0212,0.0,0.132,0.242,130.254,121771,4,https://api.spotify.com/v1/audio-analysis/62c60jSWnJWI4EImxeNeSW
0.583,0.885,0,-3.571,0,0.106,0.0244,0.0,0.357,0.601,92.959,217052,4,https://api.spotify.com/v1/audio-analysis/5RGf8qn1TBWVplLyyKUsuV
0.566,0.844,9,-5.222,0,0.0444,0.00361,0.000257,0.141,0.291,131.049,229740,4,https://api.spotify.com/v1/audio-analysis/6KQSeSPqBa15gMWLO1fdkk
0.542,0.777,6,-5.582,0,0.033,0.00331,0.0,0.178,0.503,94.069,215753,3,https://api.spotify.com/v1/audio-analysis/2cn8rNlgnQOJoqWqXRvWQu
0.583,0.475,0,-5.556,0,0.0846,0.148,0.0,0.139,0.332,136.034,216063,4,https://api.spotify.com/v1/audio-analysis/626lrZfNIlthgrUfjvRYrh
0.517,0.741,8,-5.997,0,0.323,0.362,0.0,0.164,0.672,86.526,189795,4,https://api.spotify.com/v1/audio-analysis/3TVWi92dWPMVcKpXvX32UX
0.56,0.607,2,-7.991,1,0.076,0.0135,1.63e-06,0.2,0.27,73.995,233917,4,https://api.spotify.com/v1/audio-analysis/4Eqo5hcqVnaAfL4J4W5Jjl
0.544,0.739,5,-4.818,0,0.232,0.000226,2.14e-05,0.0816,0.467,185.81,212275,4,https://api.spotify.com/v1/audio-analysis/5U1XqpEGLeDd48dDFNqQEC
0.357,0.498,3,-6.589,1,0.0332,0.023,1.99e-06,0.269,0.339,142.816,226161,4,https://api.spotify.com/v1/audio-analysis/0UDCfleTgwihlnOUxbzokR
0.547,0.84,9,-4.156,0,0.0551,0.000371,0.0,0.0562,0.479,85.001,241787,4,https://api.spotify.com/v1/audio-analysis/44F7Ieb36A6B2mXgrJLdR9
0.817,0.797,1,-4.395,0,0.084,0.00533,7.77e-06,0.0551,0.362,119.977,294463,4,https://api.spotify.com/v1/audio-analysis/1QWxddJmOhQb1vDdyTipMR
0.761,0.834,6,-4.992,1,0.0494,0.00125,1e-05,0.0868,0.68,107.988,213082,4,https://api.spotify.com/v1/audio-analysis/1ORnZ5RmTKhVxPrjORKxAE
0.716,0.906,2,-3.539,1,0.0717,0.00423,0.0,0.0547,0.762,101.028,192597,4,https://api.spotify.com/v1/audio-analysis/6RioKpKPuG1vuyU0wnlAZx
0.439,0.928,7,-4.096,1,0.233,0.0254,0.0,0.1,0.599,169.928,272537,4,https://api.spotify.com/v1/audio-analysis/0ma7lbs8BsVIv2kSaqOsDI
0.638,0.851,11,-3.042,0,0.0662,0.0102,0.0,0.114,0.6,125.0,144314,4,https://api.spotify.com/v1/audio-analysis/6xtjXO1EbKNLMIEGZQU3Fv
0.573,0.89,5,-3.53,0,0.214,0.0212,0.0,0.132,0.242,130.251,121771,4,https://api.spotify.com/v1/audio-analysis/47KRXwGtPlA53Loz8TkPyz
0.584,0.885,0,-3.571,0,0.104,0.0244,0.0,0.357,0.605,92.9,217052,4,https://api.spotify.com/v1/audio-analysis/5SXYv9JMHE4oWsy5T4JCo8
0.566,0.842,9,-5.222,0,0.0442,0.00357,0.000253,0.141,0.308,131.05,229740,4,https://api.spotify.com/v1/audio-analysis/4gPKggaYT6TbasqoRDXFFY
0.541,0.779,6,-5.581,0,0.033,0.00338,0.0,0.177,0.501,94.069,215753,3,https://api.spotify.com/v1/audio-analysis/36Ya2DEHaHzEB3l4UV8Q7D
0.566,0.475,0,-5.556,0,0.089,0.148,0.0,0.139,0.335,136.442,216063,4,https://api.spotify.com/v1/audio-analysis/0A3sAAitTc8CwIcVnSvjwQ
0.545,0.74,8,-5.997,0,0.308,0.364,0.0,0.164,0.671,86.842,189795,4,https://api.spotify.com/v1/audio-analysis/3f5IH9WnIBz8wcm18srHtG
0.555,0.607,2,-7.991,1,0.085,0.0135,1.59e-06,0.2,0.273,73.997,233917,4,https://api.spotify.com/v1/audio-analysis/07gPsplgWxZqUZIGCrnPlP
0.543,0.739,5,-4.818,0,0.232,0.000226,2.14e-05,0.0816,0.466,185.832,212275,4,https://api.spotify.com/v1/audio-analysis/6qqbvfvziMh1csc8XiW5Il
0.35,0.498,3,-6.589,1,0.0332,0.023,1.99e-06,0.269,0.34,142.803,226161,4,https://api.spotify.com/v1/audio-analysis/4SaunwQIsiKmxIeYv8gUCe
0.547,0.838,9,-4.157,0,0.0544,0.000374,0.0,0.0562,0.47,85.018,241787,4,https://api.spotify.com/v1/audio-analysis/3gVvfnEJeiLOI6CDMrulng
0.817,0.797,1,-4.395,0,0.0839,0.00533,7.77e-06,0.0551,0.361,119.978,294463,4,https://api.spotify.com/v1/audio-analysis/21Uqcx65DPyE9BQOSdI5Ea
0.76,0.834,6,-4.992,1,0.0494,0.00125,1.07e-05,0.0868,0.679,107.988,213082,4,https://api.spotify.com/v1/audio-analysis/3XCOiC00Q2RP5KWNqpSieh
0.716,0.906,2,-3.539,1,0.0719,0.00424,0.0,0.0547,0.763,101.029,192597,4,https://api.spotify.com/v1/audio-analysis/0ilGvntcG4XQs7Gv8x5U5J
0.442,0.928,7,-4.096,1,0.207,0.0257,0.0,0.1,0.601,169.847,272537,4,https://api.spotify.com/v1/audio-analysis/3bQITgxEQPUjZTGgVgs8zD
0.638,0.851,11,-3.042,0,0.0663,0.0102,0.0,0.114,0.6,124.992,144314,4,https://api.spotify.com/v1/audio-analysis/6nVACkALEIkfHBjh8luFUo
0.563,0.909,6,-5.321,0,0.086,0.00148,0.0028,0.364,0.547,87.01,138973,4,https://api.spotify.com/v1/audio-analysis/2kOe9xRoNs0jRIXGRO10wp
0.531,0.863,11,-3.499,0,0.0411,0.000741,0.000119,0.21,0.551,132.982,237920,4,https://api.spotify.com/v1/audio-analysis/0hHw8V6p7p4gIUDdEfnk78
0.651,0.714,3,-2.977,0,0.0699,0.00359,0.0,0.125,0.508,99.999,205373,4,https://api.spotify.com/v1/audio-analysis/7oFP6ewu9e7f4Kxm0sClc8
0.579,0.897,10,-3.566,0,0.212,0.0285,0.0,0.43,0.545,154.002,241973,4,https://api.spotify.com/v1/audio-analysis/0x6ntMwjXoRaNPrrFPoIY0
0.611,0.89,6,-3.711,1,0.0451,0.0106,0.0,0.075,0.665,94.956,267507,4,https://api.spotify.com/v1/audio-analysis/0AIQYEq4LaKB6R9WiwmSsT
0.623,0.804,1,-3.705,1,0.0735,0.0498,0.0,0.0903,0.394,140.077,199667,4,https://api.spotify.com/v1/audio-analysis/4qtif4YRqkU7V1UtDZSHjL
0.69,0.962,1,-3.66,1,0.199,0.0537,0.0,0.347,0.77,116.029,245880,4,https://api.spotify.com/v1/audio-analysis/05tXjIPecu7f1nHJ5dglYT
0.669,0.885,9,-3.622,1,0.118,0.000955,0.0,0.0398,0.544,166.967,236293,4,https://api.spotify.com/v1/audio-analysis/6hTUjGzDnrEyrmzy9hqkBT
0.543,0.832,8,-4.717,1,0.209,0.0168,0.0,0.0398,0.636,179.963,271760,4,https://api.spotify.com/v1/audio-analysis/1hSYYD9WI0fuVxN0MFLVYy
0.319,0.785,1,-4.549,1,0.0674,0.025,0.0,0.074,0.231,149.027,240680,4,https://api.spotify.com/v1/audio-analysis/3f0t8cRg3hz7nyP9W1k9FD
0.548,0.809,4,-4.533,1,0.185,0.44,0.0,0.102,0.574,165.892,284587,4,https://api.spotify.com/v1/audio-analysis/4K5ZG5nvQgu9EdyPKSigKm
0.497,0.866,5,-4.02,0,0.0681,0.0147,0.0,0.161,0.732,158.049,212200,4,https://api.spotify.com/v1/audio-analysis/6afHEsJZSp4s4JIPOSgB4w
0.461,0.76,5,-4.299,0,0.236,0.0221,0.0,0.104,0.349,87.434,173347,4,https://api.spotify.com/v1/audio-analysis/3EiEbnbznDnoPGIU8Btv1F
0.563,0.909,6,-5.321,0,0.086,0.00148,0.0028,0.364,0.547,87.01,138973,4,https://api.spotify.com/v1/audio-analysis/5KLKbUVfdHOTCDybf61LEW
0.531,0.863,11,-3.499,0,0.0411,0.000741,0.000119,0.21,0.551,132.982,237920,4,https://api.spotify.com/v1/audio-analysis/0z9xZhi7E8M6JDTL5AvqKh
0.651,0.714,3,-2.977,0,0.0699,0.00359,0.0,0.125,0.508,99.999,205373,4,https://api.spotify.com/v1/audio-analysis/37T5IYyhKNow16Rf2eohTt
0.579,0.897,10,-3.566,0,0.212,0.0285,0.0,0.43,0.545,154.002,241973,4,https://api.spotify.com/v1/audio-analysis/1BGpj3UnDSB5TPPw1XYi2g
0.611,0.89,6,-3.711,1,0.0451,0.0106,0.0,0.075,0.665,94.956,267507,4,https://api.spotify.com/v1/audio-analysis/2aTDPjGFdyBfc3lKLAAaoI
0.623,0.804,1,-3.705,1,0.0735,0.0498,0.0,0.0903,0.394,140.077,199667,4,https://api.spotify.com/v1/audio-analysis/3ynWDFCcw9CXngKnxoVIfj
0.69,0.962,1,-3.66,1,0.199,0.0537,0.0,0.347,0.77,116.029,245880,4,https://api.spotify.com/v1/audio-analysis/5mONT68829wu4YdMajlTgM
0.669,0.885,9,-3.622,1,0.118,0.000955,0.0,0.0398,0.544,166.967,236293,4,https://api.spotify.com/v1/audio-analysis/7jv4hEfdRuXKpex8uZBKtE
0.543,0.832,8,-4.717,1,0.209,0.0168,0.0,0.0398,0.636,179.963,271760,4,https://api.spotify.com/v1/audio-analysis/3UvbL9zd4XTsCL8O6Qp2bR
0.319,0.785,1,-4.549,1,0.0674,0.025,0.0,0.074,0.231,149.027,240680,4,https://api.spotify.com/v1/audio-analysis/5jTNR1Mqi0wLYniACLTmMo
0.548,0.809,4,-4.533,1,0.185,0.44,0.0,0.102,0.574,165.892,284587,4,https://api.spotify.com/v1/audio-analysis/2offgVA6h500KKIvUYU5kP
0.497,0.866,5,-4.02,0,0.0681,0.0147,0.0,0.161,0.732,158.049,212200,4,https://api.spotify.com/v1/audio-analysis/6VcJUprKUPI1jgsQ78MJrO
0.461,0.76,5,-4.299,0,0.236,0.0221,0.0,0.104,0.349,87.434,173347,4,https://api.spotify.com/v1/audio-analysis/0FHsHpMfgHnh8HIE1qCwoI
0.545,0.969,0,-3.553,0,0.391,0.2,0.0,0.0767,0.229,93.361,124733,4,https://api.spotify.com/v1/audio-analysis/78ENzw0leHTN539Jj0WMep
0.46,0.897,5,-2.364,0,0.0934,0.0217,0.0,0.287,0.651,158.107,210693,4,https://api.spotify.com/v1/audio-analysis/23IA8fIfML3LR0WH4t7Wym
0.627,0.794,6,-4.653,1,0.277,0.0164,2.75e-06,0.19,0.396,139.964,273880,4,https://api.spotify.com/v1/audio-analysis/1ii8OgCkhhKr9QidRciqfk
0.621,0.799,10,-3.569,0,0.0422,0.0104,0.0,0.135,0.313,105.008,267147,4,https://api.spotify.com/v1/audio-analysis/37jYYrSTTWqJzJailONhhF
0.397,0.542,6,-6.446,1,0.0408,0.0548,0.00134,0.0935,0.13,149.652,295133,4,https://api.spotify.com/v1/audio-analysis/6lrgrlkCCrg97ja5r7bPke
0.576,0.875,11,-2.933,0,0.054,0.0016,0.0,0.103,0.508,132.964,236333,4,https://api.spotify.com/v1/audio-analysis/3uokvtxkooSxnL2fBAblzL
0.677,0.97,6,-2.142,0,0.0931,0.000216,0.0,0.054,0.799,122.004,256840,4,https://api.spotify.com/v1/audio-analysis/1FVVvpZGHQC3tlDCHDdckb
0.651,0.877,9,-2.878,1,0.0689,0.000946,0.0,0.0448,0.557,166.904,233173,4,https://api.spotify.com/v1/audio-analysis/62qWANAcMxi8n37Obj6Af3
0.56,0.892,10,-2.79,0,0.293,0.0318,2.82e-06,0.455,0.657,153.951,240027,4,https://api.spotify.com/v1/audio-analysis/4C84QmSqZp40VxWnRcMAJP
0.628,0.718,11,-3.167,1,0.0886,0.0025,0.0,0.145,0.507,100.005,203347,4,https://api.spotify.com/v1/audio-analysis/4EVl8UQ5ZseT7mQMOzXAAV
0.614,0.797,1,-3.431,1,0.0599,0.0328,0.0,0.0713,0.518,139.966,196533,4,https://api.spotify.com/v1/audio-analysis/1Z8X01dllP6jsUgAHRHOdW
0.61,0.822,5,-3.831,0,0.26,0.0435,0.0,0.122,0.378,87.967,171787,4,https://api.spotify.com/v1/audio-analysis/6DYpAAYUHc8Xj1MIFbgJcR
0.718,0.799,1,-3.639,1,0.102,0.0243,0.0,0.0842,0.798,98.001,210213,4,https://api.spotify.com/v1/audio-analysis/7ITbzVBEvQ3k1L6c265bzc
0.67,0.925,0,-2.545,1,0.156,0.00225,1.12e-05,0.058,0.931,159.982,292547,4,https://api.spotify.com/v1/audio-analysis/4miTVWryZ8PfHzXLfs6thR
0.578,0.938,10,-2.533,0,0.273,0.0895,1.03e-05,0.348,0.745,90.01,243600,4,https://api.spotify.com/v1/audio-analysis/4qiz8g1viE8tqpwXQThFxX
0.448,0.765,6,-4.55,1,0.0525,0.0106,0.0,0.115,0.274,149.886,240000,4,https://api.spotify.com/v1/audio-analysis/5o8Tlj9rXYCjuyDwzoNcjX
0.388,0.672,9,-4.459,0,0.0474,0.351,0.0,0.14,0.389,103.441,226267,4,https://api.spotify.com/v1/audio-analysis/7aGWDCKc6qWd9okLRgeJF8
0.691,0.591,4,-5.075,0,0.0685,0.121,0.0,0.139,0.275,105.074,221573,4,https://api.spotify.com/v1/audio-analysis/6hzENpxQwAaz6Cvrok38gZ
0.545,0.813,5,-3.593,0,0.0734,0.106,0.0,0.132,0.558,147.95,216480,4,https://api.spotify.com/v1/audio-analysis/5O8wREW9DQ1T0IbopvpZLE
0.547,0.919,5,-2.817,0,0.204,0.00307,1.49e-06,0.426,0.541,79.034,223920,4,https://api.spotify.com/v1/audio-analysis/3e6U835dBhH6SnXOIEEvC4
0.572,0.772,6,-3.195,0,0.0374,0.0343,0.0,0.371,0.591,127.984,254813,4,https://api.spotify.com/v1/audio-analysis/1pR6j9SB9HE2r8pLhLn6Pt
0.591,0.875,6,-3.072,0,0.0329,0.000158,5.96e-05,0.33,0.547,132.964,236413,4,https://api.spotify.com/v1/audio-analysis/35M1UudRWoDWBfG6vvnKW4
0.346,0.714,1,-4.623,1,0.0489,0.00567,0.0,0.138,0.241,148.688,240760,4,https://api.spotify.com/v1/audio-analysis/0NchS1QuRfTioWaNGjEaQx
0.494,0.97,7,-3.513,0,0.444,0.205,0.0,0.0692,0.23,92.56,124739,4,https://api.spotify.com/v1/audio-analysis/5k5qMVQZkzGofWQixnR5nJ
0.485,0.897,5,-2.383,0,0.0678,0.0184,0.0,0.296,0.649,78.851,210577,4,https://api.spotify.com/v1/audio-analysis/3UGiwr3d1sYCjLhIvMHK51
0.64,0.799,6,-4.673,1,0.262,0.0155,4.4e-06,0.218,0.376,139.962,273992,4,https://api.spotify.com/v1/audio-analysis/7BhPTcfGh7PPrFY8XIZtGK
0.625,0.799,10,-3.54,0,0.0427,0.0108,0.0,0.144,0.316,105.007,267151,4,https://api.spotify.com/v1/audio-analysis/0yK7MnyXGjyd4TeaI8EbY4
0.373,0.541,1,-6.451,1,0.0526,0.0446,0.001,0.0909,0.134,69.98,295128,4,https://api.spotify.com/v1/audio-analysis/0NUMySFbWW77Puf8I1AJdH
0.577,0.878,6,-2.935,0,0.0442,0.00164,0.0,0.0892,0.514,132.943,236334,4,https://api.spotify.com/v1/audio-analysis/1v1KssNAUdcOrYPKuBW3wm
0.678,0.97,6,-2.155,0,0.0989,0.000264,0.0,0.0548,0.783,122.017,256840,4,https://api.spotify.com/v1/audio-analysis/5Y8GmZQylLE4r8ny6XdM2p
0.649,0.875,9,-2.88,1,0.0702,0.00128,0.0,0.0486,0.557,166.925,233185,4,https://api.spotify.com/v1/audio-analysis/6QTxG6VYOIbJXaWIbLqx2O
0.579,0.896,10,-2.781,0,0.225,0.0272,1.02e-06,0.352,0.678,153.991,240021,4,https://api.spotify.com/v1/audio-analysis/5zFBf553DYdbFD8bHmlbUF
0.626,0.706,10,-3.201,0,0.0596,0.00225,0.0,0.122,0.534,99.939,203352,4,https://api.spotify.com/v1/audio-analysis/50qlVRC781Kj2pMYhzAOBp
0.613,0.822,1,-3.48,1,0.062,0.0269,0.0,0.0783,0.54,139.936,196506,4,https://api.spotify.com/v1/audio-analysis/6YGZr5MmsrXrKhVGLgZQ0B
0.606,0.815,5,-3.818,0,0.232,0.04,0.0,0.119,0.386,88.054,171803,4,https://api.spotify.com/v1/audio-analysis/0i105P7hlN74vLk2g7Ajor
0.72,0.803,1,-3.67,1,0.0963,0.0245,0.0,0.2,0.804,97.999,210222,4,https://api.spotify.com/v1/audio-analysis/3Y7nupi9JmOXbDNZuM3rkO
0.68,0.926,0,-2.551,1,0.162,0.00223,1.03e-05,0.0905,0.936,159.959,292519,4,https://api.spotify.com/v1/audio-analysis/0D3DvXog46Jw1RNMJ7nwg1
0.572,0.937,10,-2.569,0,0.28,0.0866,1.55e-05,0.342,0.771,90.021,243553,4,https://api.spotify.com/v1/audio-analysis/60VlU8noSuV1m0h9O0PsMw
0.439,0.747,6,-4.583,1,0.0535,0.0107,0.0,0.101,0.275,149.786,240091,4,https://api.spotify.com/v1/audio-analysis/1A3CGFXmmdU6xMDJbbgZkF
0.367,0.668,2,-4.484,0,0.052,0.336,0.0,0.147,0.384,104.961,226212,4,https://api.spotify.com/v1/audio-analysis/6PFhppEvtKSniDOWUOMh8W
0.462,0.576,2,-5.089,1,0.0831,0.124,0.0,0.127,0.278,102.972,221620,4,https://api.spotify.com/v1/audio-analysis/30DdTJETgEEcL5mpgNZNqH
0.56,0.814,5,-3.603,0,0.0688,0.108,0.0,0.188,0.532,74.01,215189,4,https://api.spotify.com/v1/audio-analysis/7sBrYn3pNPtMqHACjf1UnE
0.519,0.918,5,-2.838,0,0.208,0.00258,3.55e-06,0.448,0.49,158.052,223013,4,https://api.spotify.com/v1/audio-analysis/2itbRUTqlFqFuGPIl3fuBJ
0.568,0.775,6,-3.188,0,0.0361,0.0311,0.0,0.379,0.595,128.019,257000,4,https://api.spotify.com/v1/audio-analysis/5YGp1ZQfchVV7GpTYwGaxr
0.595,0.87,6,-3.086,0,0.0321,0.000183,3.94e-05,0.371,0.586,132.99,236437,4,https://api.spotify.com/v1/audio-analysis/0JzdHs3wNK8DZKPCK2ltV4
0.345,0.717,6,-4.6,1,0.0479,0.00633,0.0,0.149,0.209,149.541,241144,4,https://api.spotify.com/v1/audio-analysis/2Tl5BrGajVi2l7IQvgFqI1
0.498,0.97,7,-3.513,0,0.444,0.203,0.0,0.0692,0.229,92.54,124739,4,https://api.spotify.com/v1/audio-analysis/5bZRe0GCsls8iFezcO0eYZ
0.475,0.897,5,-2.383,0,0.0736,0.0184,0.0,0.296,0.642,78.918,210577,4,https://api.spotify.com/v1/audio-analysis/7dlNGfd6Fq8xcFb4K6Glws
0.636,0.799,6,-4.671,1,0.257,0.0154,3.95e-06,0.218,0.379,139.953,273992,4,https://api.spotify.com/v1/audio-analysis/1WpxXAGAGpF2OoVFCytYtS
0.394,0.799,6,-3.54,1,0.0914,0.0107,0.0,0.144,0.297,104.999,267151,4,https://api.spotify.com/v1/audio-analysis/0c2E2zcsp8EoWmfw8YQphH
0.377,0.541,6,-6.451,1,0.0487,0.0446,0.001,0.0909,0.135,74.341,295128,4,https://api.spotify.com/v1/audio-analysis/38S0v2f5ljxzQE2CCdRVkd
0.577,0.875,6,-2.944,0,0.0445,0.00165,0.0,0.0892,0.522,132.943,236334,4,https://api.spotify.com/v1/audio-analysis/3SESmwaRfVQddNhwCSKQur
0.678,0.97,6,-2.155,0,0.0989,0.000267,0.0,0.0548,0.783,122.017,256840,4,https://api.spotify.com/v1/audio-analysis/4U5CuHBciWGmCoR3Edgjj0
0.649,0.875,9,-2.88,1,0.0696,0.00128,0.0,0.0486,0.557,166.927,233185,4,https://api.spotify.com/v1/audio-analysis/2VgPA0WnwvE2nbltxa3BHz
0.579,0.896,10,-2.781,0,0.224,0.0272,1.02e-06,0.352,0.678,153.991,240021,4,https://api.spotify.com/v1/audio-analysis/4TiKZrN7gtc62SUiufpFCM
0.627,0.706,10,-3.201,0,0.0597,0.00227,0.0,0.122,0.536,99.93,203352,4,https://api.spotify.com/v1/audio-analysis/4z9gBZQjGS4QLb4LOvmeuA
0.614,0.823,1,-3.48,1,0.062,0.0269,0.0,0.0783,0.539,139.948,196506,4,https://api.spotify.com/v1/audio-analysis/54s6sdPuMjVtdB5d5KFzTC
0.606,0.815,5,-3.818,0,0.231,0.04,0.0,0.119,0.386,88.062,171803,4,https://api.spotify.com/v1/audio-analysis/43hiD0QEeUysuWqDzd8GwA
0.72,0.803,1,-3.67,1,0.0956,0.0245,0.0,0.2,0.804,97.991,210222,4,https://api.spotify.com/v1/audio-analysis/0jZOtr2W8Qqapo7IW9Jksl
0.68,0.926,0,-2.551,1,0.164,0.00223,1.02e-05,0.0905,0.935,159.97,292519,4,https://api.spotify.com/v1/audio-analysis/35bRmqYn2rYeNdCYH0WGMz
0.572,0.937,10,-2.569,0,0.278,0.0858,1.61e-05,0.342,0.77,90.021,243553,4,https://api.spotify.com/v1/audio-analysis/7vGRGaTHRlF1kAd5yOo6ZS
0.441,0.747,6,-4.583,1,0.0498,0.0107,0.0,0.101,0.278,149.771,240091,4,https://api.spotify.com/v1/audio-analysis/1GxGLSKW0HxYkvUJH8OVRd
0.367,0.67,2,-4.485,0,0.0517,0.334,0.0,0.147,0.386,104.96,226212,4,https://api.spotify.com/v1/audio-analysis/4BMbbfwW9GLl9b05ecYKVa
0.462,0.577,2,-5.089,1,0.0846,0.124,0.0,0.127,0.278,102.972,221620,4,https://api.spotify.com/v1/audio-analysis/3p5PbT7QMSQpTG5X1qUqk1
0.56,0.814,5,-3.603,0,0.0682,0.11,0.0,0.188,0.534,74.01,215189,4,https://api.spotify.com/v1/audio-analysis/2IEQHXxE3ouwypVsdSB7Wj
0.518,0.918,5,-2.843,0,0.207,0.00258,3.46e-06,0.448,0.494,158.059,223013,4,https://api.spotify.com/v1/audio-analysis/6dLD5Ri5tcYfH4L2GoITij
0.568,0.774,6,-3.188,0,0.036,0.0309,0.0,0.379,0.595,128.013,257000,4,https://api.spotify.com/v1/audio-analysis/62DeqSXWw36b1jzGWozXFq
0.594,0.871,6,-3.085,0,0.0321,0.000182,4.01e-05,0.371,0.58,132.994,236437,4,https://api.spotify.com/v1/audio-analysis/1NHVDZyT8li4STGSFJlmMM
0.345,0.717,6,-4.6,1,0.0481,0.00658,0.0,0.149,0.211,149.542,241144,4,https://api.spotify.com/v1/audio-analysis/6urCQp9zUAuMbHhBOmCfzu
0.349,0.949,6,-4.942,0,0.902,0.00765,0.0,0.329,0.397,79.942,136427,4,https://api.spotify.com/v1/audio-analysis/0ehmBecxeD3GifKcg4UN7m
0.571,0.877,6,-3.019,0,0.0483,0.00158,0.0,0.1,0.506,132.938,236747,4,https://api.spotify.com/v1/audio-analysis/0uiv87qsv7kOjBO8jDbZeh
0.429,0.775,6,-4.518,1,0.0577,0.0151,0.0,0.124,0.283,149.618,238853,4,https://api.spotify.com/v1/audio-analysis/6Mcw9SkDRCOF71bFO4cv0B
0.58,0.93,1,-2.7,1,0.282,0.104,6.1e-06,0.337,0.719,90.063,243227,4,https://api.spotify.com/v1/audio-analysis/0V0FZFrqbuLz22CE6YRg9m
0.671,0.969,6,-2.218,0,0.0879,0.000279,0.0,0.0808,0.808,122.012,256693,4,https://api.spotify.com/v1/audio-analysis/1y926ZlSXIXchk01VnH6EG
0.651,0.88,9,-2.869,1,0.0649,0.00119,0.0,0.0467,0.544,166.93,233160,4,https://api.spotify.com/v1/audio-analysis/1EH4ZsNGE01TWEvhDaFAMZ
0.598,0.501,5,-11.591,1,0.933,0.79,0.0,0.417,0.698,81.422,263120,4,https://api.spotify.com/v1/audio-analysis/1eoPvbU2k9BvdbRekGa3M2
0.617,0.803,10,-3.339,0,0.0425,0.0152,0.0,0.152,0.314,105.04,267160,4,https://api.spotify.com/v1/audio-analysis/7lxncfUV7zPkGukbzx9wID
0.568,0.653,9,-4.694,0,0.0347,0.37,0.0,0.127,0.31,104.996,177440,4,https://api.spotify.com/v1/audio-analysis/02XY8gUN95OEMwBUoG1d1h
0.339,0.949,6,-4.942,0,0.904,0.00765,0.0,0.329,0.397,79.956,136428,4,https://api.spotify.com/v1/audio-analysis/2ibTAPqf4ngWyIjliphDcx
0.554,0.878,11,-3.02,0,0.0513,0.00146,0.0,0.0998,0.55,132.896,236748,4,https://api.spotify.com/v1/audio-analysis/4XSWU10WMphtugA7M5HYGL
0.461,0.776,6,-4.498,1,0.0565,0.0149,0.0,0.12,0.291,149.985,238862,4,https://api.spotify.com/v1/audio-analysis/0Xa0TzlI4HCtqcmIrOHPkT
0.585,0.93,10,-2.707,0,0.241,0.0992,2.54e-06,0.345,0.735,90.03,243222,4,https://api.spotify.com/v1/audio-analysis/47Cxh3hhJu6hYS3BjPuyju
0.668,0.967,6,-2.192,0,0.0957,0.000266,0.0,0.0777,0.807,122.007,256687,4,https://api.spotify.com/v1/audio-analysis/1e8YffZZWfpx36XvaR81vh
0.65,0.879,9,-2.886,1,0.073,0.00104,0.0,0.0483,0.536,166.895,233160,4,https://api.spotify.com/v1/audio-analysis/0vlsQ24HOJkwmZO1vpSi6u
0.575,0.499,3,-11.552,1,0.936,0.772,0.0,0.42,0.667,160.296,263130,4,https://api.spotify.com/v1/audio-analysis/3rQVC2zXTgfivXcQub4G75
0.619,0.804,10,-3.301,0,0.0424,0.0135,0.0,0.127,0.314,104.978,267151,4,https://api.spotify.com/v1/audio-analysis/1KeFakZtWY6MQCs23VqH8p
0.37,0.652,2,-4.717,1,0.0402,0.4,0.0,0.129,0.265,104.162,177414,4,https://api.spotify.com/v1/audio-analysis/6F9r6XIdosZdJHfzkzmu80
0.349,0.949,6,-4.942,0,0.902,0.00765,0.0,0.329,0.397,79.942,136428,4,https://api.spotify.com/v1/audio-analysis/5kKoQjyLorcc6CK6GVslx8
0.554,0.878,11,-3.02,0,0.0513,0.00146,0.0,0.0998,0.55,132.889,236748,4,https://api.spotify.com/v1/audio-analysis/0PAq1DRlOGBAjXLno94j6b
0.448,0.776,6,-4.498,1,0.0571,0.0149,0.0,0.12,0.294,149.806,238862,4,https://api.spotify.com/v1/audio-analysis/6kX452oUUNojKWNNuc1nqx
0.585,0.93,10,-2.707,0,0.241,0.0992,2.54e-06,0.345,0.735,90.029,243222,4,https://api.spotify.com/v1/audio-analysis/6ESRqSLumyZz7YCeCRuxWm
0.669,0.967,6,-2.192,0,0.0957,0.000266,0.0,0.0777,0.807,122.008,256687,4,https://api.spotify.com/v1/audio-analysis/2TSJHS7rpLTzdDdVvaYB0f
0.65,0.879,9,-2.886,1,0.0731,0.00102,0.0,0.0483,0.536,166.897,233160,4,https://api.spotify.com/v1/audio-analysis/1ACMf8SOANvKlOu4vTWiJN
0.574,0.499,3,-11.552,1,0.936,0.772,0.0,0.42,0.667,160.426,263130,4,https://api.spotify.com/v1/audio-analysis/7qz7LNYInJmETRrxw8mjPR
0.619,0.802,10,-3.302,0,0.0423,0.0136,0.0,0.127,0.307,104.985,267151,4,https://api.spotify.com/v1/audio-analysis/4i4uJFziL5tEO9tWRSudlJ
0.369,0.652,2,-4.718,1,0.0403,0.4,0.0,0.129,0.264,104.168,177414,4,https://api.spotify.com/v1/audio-analysis/29WNvVZhGv2TdCJYCsDaWY
0.367,0.97,0,-4.525,0,0.522,0.244,0.0,0.0653,0.262,88.636,124413,4,https://api.spotify.com/v1/audio-analysis/28Ikjb8JEJe2crktTTihjd
0.474,0.879,5,-3.168,0,0.0675,0.0228,0.0,0.29,0.713,158.363,211653,4,https://api.spotify.com/v1/audio-analysis/3rrqE1KR8LtixLzgtBFcCu
0.63,0.726,6,-5.187,1,0.257,0.0517,0.0,0.233,0.353,139.998,274613,4,https://api.spotify.com/v1/audio-analysis/2o4ltEUubh8WST2Mh3nDTx
0.663,0.155,3,-21.225,1,0.643,0.89,0.0,0.532,0.677,97.489,147360,3,https://api.spotify.com/v1/audio-analysis/7KOHoGz3hlmEjlBu3qfBex
0.629,0.891,10,-3.215,0,0.219,0.0436,0.0,0.423,0.623,77.003,240387,4,https://api.spotify.com/v1/audio-analysis/4IzofHMmUybZv3myzHlZE7
0.699,0.959,11,-2.709,1,0.188,0.0761,0.0,0.341,0.779,116.013,245413,4,https://api.spotify.com/v1/audio-analysis/4aQx3giaLD2sybftDoxI6l
0.724,0.786,1,-4.063,1,0.0911,0.066,0.0,0.0478,0.797,98.0,211053,4,https://api.spotify.com/v1/audio-analysis/66arbOPCRYpO3Q67Seprsg
0.679,0.908,0,-3.288,1,0.194,0.0122,0.0,0.0865,0.923,159.994,294360,4,https://api.spotify.com/v1/audio-analysis/7IH74sR2rqVJAKywb7E7hb
0.717,0.325,2,-8.147,1,0.0607,0.66,0.0,0.134,0.206,105.046,143560,4,https://api.spotify.com/v1/audio-analysis/1ZyRw7RjYJhbr7SsMU7FVA
0.36,0.97,0,-4.422,0,0.535,0.236,0.0,0.074,0.257,87.12,123033,1,https://api.spotify.com/v1/audio-analysis/2NaHXimegW6q38iYQKUiur
0.478,0.88,5,-3.097,0,0.0739,0.0213,0.0,0.24,0.707,158.356,210987,4,https://api.spotify.com/v1/audio-analysis/1mNaVtsOGW5fn7xDwp8gTz
0.622,0.728,6,-5.111,1,0.286,0.0511,0.0,0.171,0.394,139.994,274992,4,https://api.spotify.com/v1/audio-analysis/0RzrbpgGB86igVg2Q1zXMk
0.635,0.167,9,-21.117,0,0.665,0.893,0.0,0.501,0.712,100.544,147694,3,https://api.spotify.com/v1/audio-analysis/6iMjJZtGqWBMzf82VThwqq
0.595,0.89,10,-3.109,0,0.245,0.0486,0.0,0.32,0.62,154.071,240021,4,https://api.spotify.com/v1/audio-analysis/0UxzJeSN4veWW3cB5snH4J
0.704,0.96,1,-2.606,0,0.192,0.0808,0.0,0.383,0.751,116.024,244156,4,https://api.spotify.com/v1/audio-analysis/4V2kmwYBmhQ9zc7XQicIta
0.724,0.793,1,-3.982,1,0.0895,0.0597,0.0,0.201,0.817,98.003,209715,4,https://api.spotify.com/v1/audio-analysis/32Cc1w6WQzRyNsTnAKpCaj
0.684,0.914,0,-3.199,1,0.204,0.0128,0.0,0.0543,0.929,159.996,292569,4,https://api.spotify.com/v1/audio-analysis/0VeoC3LjmdvrZb8zvUu7jR
0.719,0.335,2,-8.085,1,0.06,0.632,0.0,0.131,0.218,105.062,143863,4,https://api.spotify.com/v1/audio-analysis/7llll9potUogF0HiH8x68x
0.36,0.97,0,-4.422,0,0.535,0.233,0.0,0.074,0.257,86.893,123033,1,https://api.spotify.com/v1/audio-analysis/4upjf74hEzI1Vd1ygdvpTy
0.486,0.88,5,-3.097,0,0.0706,0.0215,0.0,0.24,0.71,158.043,210987,4,https://api.spotify.com/v1/audio-analysis/3RlcLpMmRvSd84Uw6Yt4Iw
0.631,0.728,6,-5.111,1,0.284,0.0511,0.0,0.171,0.395,139.977,274992,4,https://api.spotify.com/v1/audio-analysis/08eReCl8B3bV1GA247IGc2
0.653,0.167,3,-21.117,0,0.648,0.893,0.0,0.502,0.712,99.421,147694,3,https://api.spotify.com/v1/audio-analysis/5xGMr7CZcjYdQOZAu8gJT7
0.619,0.889,10,-3.108,0,0.219,0.0483,0.0,0.324,0.622,77.058,240021,4,https://api.spotify.com/v1/audio-analysis/6dr6QeqH62tYUiPezRbinq
0.704,0.959,1,-2.607,0,0.192,0.0808,0.0,0.383,0.751,116.024,244156,4,https://api.spotify.com/v1/audio-analysis/1pePqg6hTMeaTZNNECqT03
0.724,0.794,1,-3.982,1,0.0885,0.0594,0.0,0.201,0.815,98.0,209715,4,https://api.spotify.com/v1/audio-analysis/61fAsfrYO5xUNTMwWQ0Xwu
0.684,0.914,0,-3.199,1,0.203,0.0128,0.0,0.0543,0.929,159.986,292569,4,https://api.spotify.com/v1/audio-analysis/4nWJ7msY5lWNK74UKbAVw5
0.719,0.335,2,-8.085,1,0.0595,0.632,0.0,0.131,0.219,105.062,143863,4,https://api.spotify.com/v1/audio-analysis/4gxEQo2DrlZhyEn9CLe6rU
0.321,0.901,0,-2.239,1,0.376,0.417,0.0,0.408,0.519,75.198,165440,4,https://api.spotify.com/v1/audio-analysis/7ekhgEfskrq6c6MQdKHFHx
0.739,0.866,1,-3.379,1,0.0818,0.000949,0.000378,0.321,0.388,112.012,245107,4,https://api.spotify.com/v1/audio-analysis/5woBL7INOKn8zYhsN9Bpq8
0.614,0.992,9,-1.929,1,0.235,0.107,0.0,0.443,0.48,97.94,265573,4,https://api.spotify.com/v1/audio-analysis/0aRpO1s7kqad4eGsq0gOTh
0.792,0.872,1,-3.33,1,0.178,0.169,0.0,0.256,0.803,144.003,257280,4,https://api.spotify.com/v1/audio-analysis/3vG1gHvodnlNDyeVCCrfuE
0.612,0.822,11,-4.835,0,0.0812,0.0112,0.0,0.102,0.165,136.084,256213,4,https://api.spotify.com/v1/audio-analysis/3LDpCtO9Z8ryQJ78Zp2qWX
0.711,0.847,1,-4.911,0,0.12,0.0261,0.0,0.347,0.327,89.995,265347,4,https://api.spotify.com/v1/audio-analysis/61K7Er09Tf4D17ikccnfTz
0.794,0.92,7,-3.033,1,0.32,0.0241,0.0,0.645,0.684,140.02,269013,4,https://api.spotify.com/v1/audio-analysis/1TrwC4qAeyb79tgDmoa7Xt
0.786,0.68,4,-5.26,1,0.0846,0.0501,0.647,0.0479,0.516,82.994,41733,4,https://api.spotify.com/v1/audio-analysis/3YFRk3G0hO5gvDuHuLfOvE
0.497,0.857,11,-4.398,0,0.233,0.174,0.0,0.0892,0.897,127.913,234053,5,https://api.spotify.com/v1/audio-analysis/0YAkHEMH4FtntneecpYecz
0.603,0.901,2,-3.033,1,0.27,0.172,0.0,0.369,0.558,84.605,241733,4,https://api.spotify.com/v1/audio-analysis/36BmXxBjwnxQr3Gc0hloLW
0.644,0.894,2,-2.992,1,0.121,0.0665,0.0,0.341,0.563,96.058,226400,4,https://api.spotify.com/v1/audio-analysis/0jIgXRAgDqQtGsnfwTfGmb
0.856,0.85,7,-4.571,1,0.0933,0.0327,0.00149,0.0495,0.767,120.012,218867,4,https://api.spotify.com/v1/audio-analysis/14TD0O0gPHIl1kok1CqblH
0.671,0.927,8,-2.428,1,0.122,0.00336,3.31e-06,0.35,0.797,164.107,237307,4,https://api.spotify.com/v1/audio-analysis/0r5NK9m56GjXoYsheWlfP7
0.65,0.792,1,-4.333,1,0.041,0.0874,0.0,0.136,0.56,103.038,173413,4,https://api.spotify.com/v1/audio-analysis/546EsdBQHls80pdlcde8EH
0.603,0.825,4,-2.646,0,0.42,0.0563,0.0,0.0634,0.656,93.501,176827,4,https://api.spotify.com/v1/audio-analysis/7uAjYm61r58dI6u6o5ShL7
0.467,0.947,0,-2.28,1,0.344,0.00265,0.0,0.326,0.469,165.956,230400,4,https://api.spotify.com/v1/audio-analysis/0cRo5ewMI3AjlUaW0htTWv
0.647,0.282,4,-15.366,1,0.886,0.895,0.0,0.92,0.743,75.872,92413,4,https://api.spotify.com/v1/audio-analysis/1cWCQZ9HI0n9qT5d1jPOkc
0.664,0.864,7,-1.795,1,0.328,0.435,0.0,0.0711,0.918,85.115,240267,4,https://api.spotify.com/v1/audio-analysis/1CULEruoxfyKpVQZZgsTVa
0.505,0.713,9,-4.71,1,0.376,0.174,0.0,0.405,0.326,190.211,239827,4,https://api.spotify.com/v1/audio-analysis/5F3whjI23ic3OqMepUWIii
0.328,0.882,1,-2.612,0,0.197,0.00862,0.0,0.278,0.651,85.358,261853,5,https://api.spotify.com/v1/audio-analysis/5cEIQPz7ZvIAMNLBHsS1hT
0.584,0.981,5,-0.817,1,0.359,0.128,0.0,0.696,0.853,142.01,288427,4,https://api.spotify.com/v1/audio-analysis/0td4EIf8hY7qpYi11SiK7t
0.68,0.925,0,-1.046,1,0.161,0.15,0.0,0.432,0.863,94.001,238573,4,https://api.spotify.com/v1/audio-analysis/0EIBnUHCGw6dh9YLHOfaJK
0.499,0.971,7,-0.951,0,0.278,0.0367,0.0,0.382,0.714,102.006,237680,4,https://api.spotify.com/v1/audio-analysis/39emdsWDNJGcJdgCNpbWO4
0.58,0.844,2,-2.494,1,0.0584,0.466,0.0,0.204,0.504,86.892,122560,4,https://api.spotify.com/v1/audio-analysis/151kO9WHlgmLz0AFjZ1sTY
0.807,0.903,6,-3.748,0,0.311,0.146,0.0,0.362,0.786,106.568,75080,4,https://api.spotify.com/v1/audio-analysis/3H3i1F0msbZ30iZMYaQ4rN
0.602,0.957,0,-3.132,1,0.244,0.0292,0.0,0.101,0.574,170.054,255320,4,https://api.spotify.com/v1/audio-analysis/1PfGlo5nWnbBxfQyY2rxYk
0.489,0.969,7,-2.916,0,0.357,0.0361,0.0,0.592,0.698,102.07,237200,4,https://api.spotify.com/v1/audio-analysis/0S4NYIxuQlDqMCF8NK6xIj
0.726,0.837,1,-4.719,1,0.0532,0.000656,0.00128,0.103,0.408,112.043,247627,4,https://api.spotify.com/v1/audio-analysis/6ri9BvvODhRDVWcxL0gIqo
0.527,0.902,4,-5.013,0,0.154,0.00105,0.0,0.172,0.542,82.703,232507,4,https://api.spotify.com/v1/audio-analysis/73JwJ9XG3VIeKQqM5emJRC
0.526,0.486,11,-6.321,0,0.114,0.0931,0.0,0.0895,0.368,94.875,333547,4,https://api.spotify.com/v1/audio-analysis/5JZbs20da6C4DfsPkyR0X0
0.766,0.674,0,-5.554,0,0.0897,0.227,0.0,0.124,0.769,101.003,232467,4,https://api.spotify.com/v1/audio-analysis/5lMu1penXwmhLWp82YwTpa
0.684,0.717,11,-5.765,0,0.151,0.478,0.0,0.367,0.861,95.039,235467,4,https://api.spotify.com/v1/audio-analysis/5ajpyr32JgFtvW0nzvgva4
0.663,0.866,2,-4.446,1,0.398,0.0216,0.0,0.417,0.639,168.031,222040,4,https://api.spotify.com/v1/audio-analysis/5S2WCxjmcTWbYvzy9a4bZI
0.636,0.967,11,-3.585,0,0.352,0.0527,0.0,0.168,0.566,118.144,247947,4,https://api.spotify.com/v1/audio-analysis/520RVfXbHZiQC3jmzoOack
0.602,0.86,7,-6.273,1,0.145,0.0269,0.0,0.101,0.588,146.975,211720,4,https://api.spotify.com/v1/audio-analysis/1IHuda3tsgQk4anyfLxHEz
0.709,0.686,8,-4.797,1,0.0487,0.1,0.0,0.0865,0.734,91.016,352133,4,https://api.spotify.com/v1/audio-analysis/7gLRRcl3qKKpDlt0gApSAJ
0.679,0.7,2,-5.724,1,0.079,0.696,1.67e-05,0.209,0.786,96.059,96493,4,https://api.spotify.com/v1/audio-analysis/0KFNlFyyYU3i4JRhNR0V14
0.807,0.903,6,-3.748,0,0.311,0.146,0.0,0.362,0.786,106.568,75080,4,https://api.spotify.com/v1/audio-analysis/6kxwFFdd96e0Mz1rfNnJu1
0.602,0.957,0,-3.132,1,0.244,0.0292,0.0,0.101,0.574,170.054,255320,4,https://api.spotify.com/v1/audio-analysis/6bfFac7HZpl9ix1ZVLgS5Q
0.489,0.969,7,-2.916,0,0.357,0.0361,0.0,0.592,0.698,102.07,237200,4,https://api.spotify.com/v1/audio-analysis/5dK6OtqmHEVjaSm0RsiJ4Q
0.726,0.837,1,-4.719,1,0.0532,0.000656,0.00128,0.103,0.408,112.043,247627,4,https://api.spotify.com/v1/audio-analysis/1L8oTLiLZxzxh5yrgf0j1w
0.527,0.902,4,-5.013,0,0.154,0.00105,0.0,0.172,0.542,82.703,232507,4,https://api.spotify.com/v1/audio-analysis/4tRMWHkeoOoraTGe4r9LKZ
0.526,0.486,11,-6.321,0,0.114,0.0931,0.0,0.0895,0.368,94.875,333547,4,https://api.spotify.com/v1/audio-analysis/6fLL8N84PyeLfQIaY77M8F
0.766,0.674,0,-5.554,0,0.0897,0.227,0.0,0.124,0.769,101.003,232467,4,https://api.spotify.com/v1/audio-analysis/12ZzMA3m2ingQEzmbw3kNR
0.684,0.717,11,-5.765,0,0.151,0.478,0.0,0.367,0.861,95.039,235467,4,https://api.spotify.com/v1/audio-analysis/6VyHPy4UjMLKoLNw5RKwAL
0.663,0.866,2,-4.446,1,0.398,0.0216,0.0,0.417,0.639,168.031,222040,4,https://api.spotify.com/v1/audio-analysis/0jCexDV1R6sP5I8caBZD7n
0.636,0.967,11,-3.585,0,0.352,0.0527,0.0,0.168,0.566,118.144,247947,4,https://api.spotify.com/v1/audio-analysis/5jnbx7tfeWUD32rVrLJpLx
0.602,0.86,7,-6.273,1,0.145,0.0269,0.0,0.101,0.588,146.975,211720,4,https://api.spotify.com/v1/audio-analysis/0Sf4J3tlkKJQXbgEfdZKn4
0.709,0.686,8,-4.797,1,0.0487,0.1,0.0,0.0865,0.734,91.016,352133,4,https://api.spotify.com/v1/audio-analysis/0GAiHTCh5xNDFim5vU8pBK
0.679,0.7,2,-5.724,1,0.079,0.696,1.67e-05,0.209,0.786,96.059,96493,4,https://api.spotify.com/v1/audio-analysis/6m2gKXvkNELLUy1EjfsPfc
0.475,0.899,0,-2.228,1,0.292,0.426,0.0,0.366,0.568,83.821,165121,4,https://api.spotify.com/v1/audio-analysis/6Lkp95y4FkKExC5ry6pfeD
0.738,0.868,1,-3.363,1,0.0702,0.000907,0.000209,0.275,0.377,111.991,245140,4,https://api.spotify.com/v1/audio-analysis/2x4bOPgtLNi0pMpHdG6yHl
0.612,0.993,9,-1.895,1,0.24,0.116,0.0,0.307,0.488,98.004,265602,4,https://api.spotify.com/v1/audio-analysis/0sHt7Qy1etL9WLqpnjENp5
0.796,0.878,1,-3.325,1,0.185,0.171,0.0,0.234,0.795,144.0,257301,4,https://api.spotify.com/v1/audio-analysis/46Y7FGbkq1M3DS4dmVM09s
0.61,0.829,11,-4.84,0,0.0847,0.0111,0.0,0.0961,0.156,136.102,254973,4,https://api.spotify.com/v1/audio-analysis/1pdT2u08Geic1PyyDWsMYw
0.703,0.851,1,-4.918,0,0.144,0.031,0.0,0.354,0.315,89.958,264667,4,https://api.spotify.com/v1/audio-analysis/2CBGDQnGukjqRzZFrTAppE
0.793,0.924,4,-3.017,0,0.321,0.0217,0.0,0.644,0.665,140.031,267783,4,https://api.spotify.com/v1/audio-analysis/2VWBDhP9WtFijJ0RBnOUoR
0.783,0.683,4,-5.195,1,0.0895,0.0532,0.772,0.0529,0.55,82.996,41757,4,https://api.spotify.com/v1/audio-analysis/3qFV9zyYsGAZtneF6M7zzN
0.459,0.856,6,-4.383,0,0.232,0.152,0.0,0.08,0.917,97.027,234063,4,https://api.spotify.com/v1/audio-analysis/0XmEkskWgWqQ3epteqjw1F
0.556,0.897,2,-3.019,1,0.282,0.181,0.0,0.379,0.551,84.604,241762,4,https://api.spotify.com/v1/audio-analysis/2WMD6SkalVPbBjG4Hjfm2U
0.642,0.903,2,-2.976,1,0.117,0.0635,0.0,0.33,0.573,96.068,226425,4,https://api.spotify.com/v1/audio-analysis/1l0PMm0gd4oVdaZ3tozQTI
0.863,0.854,4,-4.564,0,0.0893,0.0418,0.00152,0.0551,0.784,119.996,218887,4,https://api.spotify.com/v1/audio-analysis/0xT7FzY35ZfJJxh1MEeiaq
0.676,0.925,8,-2.451,1,0.111,0.00405,6.31e-06,0.279,0.798,163.952,235020,4,https://api.spotify.com/v1/audio-analysis/2QlDjL2ebWfhBBb0y30syS
0.634,0.815,1,-4.324,1,0.0409,0.0714,0.0,0.146,0.553,103.041,172658,4,https://api.spotify.com/v1/audio-analysis/0RE6xFYdfJFrNFszjnDiO4
0.479,0.899,0,-2.228,1,0.292,0.423,0.0,0.366,0.571,81.92,165121,4,https://api.spotify.com/v1/audio-analysis/0tbfYaBMhYrwtkTXynfuIJ
0.738,0.868,1,-3.363,1,0.0703,0.000907,0.000215,0.275,0.378,111.992,245140,4,https://api.spotify.com/v1/audio-analysis/6njl4FfPUwVmoIR1RKLq05
0.612,0.993,9,-1.895,1,0.24,0.116,0.0,0.307,0.487,98.004,265602,4,https://api.spotify.com/v1/audio-analysis/3D26URfsMlCNaa51mj9jOt
0.796,0.878,1,-3.325,1,0.185,0.171,0.0,0.234,0.795,144.001,257301,4,https://api.spotify.com/v1/audio-analysis/2IIhviXBY0Ikmlbm2DHByJ
0.614,0.828,11,-4.84,0,0.0815,0.0116,0.0,0.0961,0.16,136.1,254973,4,https://api.spotify.com/v1/audio-analysis/5eM0WUGlosevLM5sA6UsWd
0.702,0.851,1,-4.918,0,0.143,0.031,0.0,0.354,0.313,89.957,264667,4,https://api.spotify.com/v1/audio-analysis/4HEFpKZaYWGTjgCjhnSShV
0.793,0.924,4,-3.017,0,0.321,0.0217,0.0,0.644,0.665,140.03,267783,4,https://api.spotify.com/v1/audio-analysis/2kyht6yYIHLianPBFxx7Mt
0.783,0.683,4,-5.195,1,0.0897,0.0532,0.772,0.0529,0.552,82.996,41757,4,https://api.spotify.com/v1/audio-analysis/0IUUAT817hQWEUfFaNurrI
0.459,0.856,11,-4.383,0,0.235,0.152,0.0,0.08,0.917,97.025,234063,4,https://api.spotify.com/v1/audio-analysis/1dodR9RPo1GpbmAesiCzuM
0.551,0.898,2,-3.019,1,0.286,0.181,0.0,0.379,0.552,84.774,241762,4,https://api.spotify.com/v1/audio-analysis/6jJYbRYkvSuFwRtgTEpkb4
0.643,0.903,2,-2.976,1,0.117,0.0635,0.0,0.33,0.573,96.068,226425,4,https://api.spotify.com/v1/audio-analysis/4AO4ayRhZI2e16fqkVpkJP
0.863,0.854,4,-4.564,0,0.0893,0.0418,0.00152,0.0551,0.784,119.996,218887,4,https://api.spotify.com/v1/audio-analysis/5tHj7TuWS1h6GDU0Ajcm32
0.676,0.925,8,-2.451,1,0.109,0.00395,6.7e-06,0.279,0.797,163.953,235020,4,https://api.spotify.com/v1/audio-analysis/1ACqCMuFuvqCToDuY7C707
0.634,0.814,1,-4.325,1,0.0406,0.0698,0.0,0.146,0.537,103.041,172658,4,https://api.spotify.com/v1/audio-analysis/5viiEUG6TwSmDPXX1hHo0X
0.721,0.835,1,-4.926,1,0.211,0.371,0.0,0.0765,0.855,92.97,241375,4,https://api.spotify.com/v1/audio-analysis/6WAKgjqoVT0nwPkfL04HBl
0.527,0.673,0,-5.401,0,0.196,0.334,0.0,0.159,0.657,99.606,232692,4,https://api.spotify.com/v1/audio-analysis/7FrZ7P6NCaBT3yqq7Dc8Mm
0.587,0.821,4,-2.701,0,0.428,0.0601,0.0,0.0599,0.671,93.841,178282,4,https://api.spotify.com/v1/audio-analysis/0nMjEsoDM5njQeRjd3F1W3
0.491,0.947,0,-2.252,1,0.306,0.00262,0.0,0.34,0.473,166.247,230778,4,https://api.spotify.com/v1/audio-analysis/0i0hqOQdyFFd4cR5s32w8x
0.633,0.285,4,-15.35,1,0.841,0.898,0.0,0.905,0.749,124.228,92791,3,https://api.spotify.com/v1/audio-analysis/1yVyxeBLgns1wOU9wiofoG
0.658,0.867,7,-1.772,1,0.312,0.432,0.0,0.0744,0.918,85.075,240107,4,https://api.spotify.com/v1/audio-analysis/4zD1pm2cZ6Mo8hZiFrQQev
0.504,0.712,9,-4.705,1,0.379,0.175,0.0,0.377,0.307,189.577,239470,4,https://api.spotify.com/v1/audio-analysis/2hrKC9sSwWBiO0VGqZZY4z
0.311,0.887,1,-2.578,0,0.277,0.00941,0.0,0.281,0.627,175.483,261575,3,https://api.spotify.com/v1/audio-analysis/2Y75ADhx7XespDNxQALACc
0.585,0.98,5,-0.826,1,0.37,0.127,0.0,0.692,0.837,141.945,288771,4,https://api.spotify.com/v1/audio-analysis/7kqmrg2Ol9edmNR6PM06Bl
0.68,0.927,0,-1.058,1,0.149,0.167,0.0,0.437,0.862,93.975,238530,4,https://api.spotify.com/v1/audio-analysis/6qeNp8j0o3XL2eNPErPyVd
0.495,0.973,7,-0.947,0,0.283,0.0347,0.0,0.432,0.763,102.058,236489,4,https://api.spotify.com/v1/audio-analysis/5Unp8YxTd2Y8fWDMoPZxWh
0.398,0.847,2,-2.489,1,0.159,0.467,0.0,0.205,0.514,173.733,122514,4,https://api.spotify.com/v1/audio-analysis/0daTdBukNA7af8xavAFvPF
0.718,0.835,1,-4.925,1,0.213,0.371,0.0,0.0764,0.855,92.97,241375,4,https://api.spotify.com/v1/audio-analysis/5kXqrwNr8w8ecRRMVroBMs
0.532,0.673,10,-5.401,1,0.185,0.336,0.0,0.159,0.653,99.712,232692,4,https://api.spotify.com/v1/audio-analysis/1R87mvA6fH2tfHO3UlvFVQ
0.587,0.82,4,-2.701,0,0.428,0.0601,0.0,0.0599,0.671,93.841,178282,4,https://api.spotify.com/v1/audio-analysis/2RxETWL7WphwPxfr0BA3XD
0.491,0.947,0,-2.252,1,0.306,0.00261,0.0,0.34,0.474,166.236,230778,4,https://api.spotify.com/v1/audio-analysis/1ucfG88Ain6ZmtxXYddyqS
0.633,0.285,4,-15.35,1,0.841,0.898,0.0,0.905,0.749,124.219,92791,3,https://api.spotify.com/v1/audio-analysis/3ncKafzbSUOZv7bBpbUERV
0.654,0.867,7,-1.772,1,0.313,0.432,0.0,0.0745,0.919,85.078,240107,4,https://api.spotify.com/v1/audio-analysis/4tvmK43AapQcvSU7pMUGI8
0.685,0.713,6,-4.705,0,0.266,0.179,0.0,0.377,0.301,95.092,239470,4,https://api.spotify.com/v1/audio-analysis/0xRA1Fw4Abf1DYmqrKYGTs
0.399,0.887,1,-2.578,0,0.201,0.00946,0.0,0.281,0.627,128.119,261575,4,https://api.spotify.com/v1/audio-analysis/7jXnHx6ZYZtBwmiAQWsO72
0.585,0.98,5,-0.826,1,0.37,0.127,0.0,0.692,0.837,141.945,288771,4,https://api.spotify.com/v1/audio-analysis/1iihBKEdG9loyQIfU1iOYk
0.679,0.927,0,-1.058,1,0.15,0.164,0.0,0.437,0.861,93.989,238530,4,https://api.spotify.com/v1/audio-analysis/06Fj6DTvg9VxEwvyP8FZwG
0.495,0.974,7,-0.947,0,0.282,0.0349,0.0,0.44,0.763,102.077,236489,4,https://api.spotify.com/v1/audio-analysis/0UzDbwSyum6TExjXqseJUV
0.397,0.847,2,-2.488,1,0.159,0.467,0.0,0.205,0.514,173.733,122514,4,https://api.spotify.com/v1/audio-analysis/5p8GQc11KJtJcLTUUVOf0E
0.587,0.82,4,-2.701,0,0.428,0.0601,0.0,0.0599,0.671,93.841,178282,4,https://api.spotify.com/v1/audio-analysis/5IldGVRXf9iV2sDo6DQ3PB
0.491,0.947,0,-2.252,1,0.306,0.00261,0.0,0.34,0.474,166.236,230778,4,https://api.spotify.com/v1/audio-analysis/2JrNxYGkXNyw4dNblWZdVm
0.633,0.285,4,-15.35,1,0.841,0.898,0.0,0.905,0.749,124.219,92791,3,https://api.spotify.com/v1/audio-analysis/23I4EPhzUCh5gXLBhmPGvn
0.654,0.867,7,-1.772,1,0.313,0.432,0.0,0.0745,0.919,85.078,240107,4,https://api.spotify.com/v1/audio-analysis/3dBVs3Y7Ww1Tj1liAVR6q3
0.685,0.713,6,-4.705,0,0.266,0.179,0.0,0.377,0.301,95.092,239470,4,https://api.spotify.com/v1/audio-analysis/4RvTY7KycQeacT0pkfDJPF
0.399,0.887,1,-2.578,0,0.201,0.00946,0.0,0.281,0.627,128.119,261575,4,https://api.spotify.com/v1/audio-analysis/1LyhXxjA0uhMyz03Q12OxO
0.585,0.98,5,-0.826,1,0.37,0.127,0.0,0.692,0.837,141.945,288771,4,https://api.spotify.com/v1/audio-analysis/4k3dyGa8UnIwZq4cg9vI6T
0.679,0.927,0,-1.058,1,0.15,0.164,0.0,0.437,0.861,93.989,238530,4,https://api.spotify.com/v1/audio-analysis/4H365TSMVTYfWwQxqyaHmt
0.495,0.974,7,-0.947,0,0.282,0.0349,0.0,0.44,0.763,102.077,236489,4,https://api.spotify.com/v1/audio-analysis/3tq0TOICwv1rDPTEngjaCh
0.397,0.847,2,-2.488,1,0.159,0.467,0.0,0.205,0.514,173.733,122514,4,https://api.spotify.com/v1/audio-analysis/1s7O5UxbWqIwnq1dk9loxI
0.587,0.821,4,-2.701,0,0.428,0.0601,0.0,0.0599,0.671,93.841,178282,4,https://api.spotify.com/v1/audio-analysis/6xLm5hdcUTmZPWUzPnQ9US
0.491,0.947,0,-2.252,1,0.306,0.00262,0.0,0.34,0.473,166.247,230778,4,https://api.spotify.com/v1/audio-analysis/44gWm1spxejf9cc589qV28
0.633,0.285,4,-15.35,1,0.841,0.898,0.0,0.905,0.749,124.228,92791,3,https://api.spotify.com/v1/audio-analysis/6a03E3V463keXNiros3TZe
0.658,0.867,7,-1.772,1,0.312,0.432,0.0,0.0744,0.918,85.075,240107,4,https://api.spotify.com/v1/audio-analysis/1OCbJSqiTF48eohk0XpGz1
0.504,0.712,9,-4.705,1,0.379,0.175,0.0,0.377,0.307,189.577,239470,4,https://api.spotify.com/v1/audio-analysis/4ZSLc2F15wKVPjyLt169tt
0.311,0.887,1,-2.578,0,0.277,0.00941,0.0,0.281,0.627,175.483,261575,3,https://api.spotify.com/v1/audio-analysis/1n99s09TM651WSXOMxyoHF
0.585,0.98,5,-0.826,1,0.37,0.127,0.0,0.692,0.837,141.945,288771,4,https://api.spotify.com/v1/audio-analysis/5XQjspYTlLobTIWdWjJ3Jj
0.68,0.927,0,-1.058,1,0.149,0.167,0.0,0.437,0.862,93.975,238530,4,https://api.spotify.com/v1/audio-analysis/3CYqr8tC0Y3mrw80y6zqJC
0.495,0.973,7,-0.947,0,0.283,0.0347,0.0,0.432,0.763,102.058,236489,4,https://api.spotify.com/v1/audio-analysis/22gGBmp8JqlymbXQvAUlYX
0.398,0.847,2,-2.489,1,0.159,0.467,0.0,0.205,0.514,173.733,122514,4,https://api.spotify.com/v1/audio-analysis/2M2LSar3DJWLQHcp1MZETj
0.468,0.904,7,-5.052,1,0.505,0.216,0.0,0.0877,0.183,149.877,70453,4,https://api.spotify.com/v1/audio-analysis/61AGetSScZlCLz9tPyWEKw
0.601,0.916,7,-3.827,1,0.171,0.0397,0.0,0.557,0.516,146.962,209733,4,https://api.spotify.com/v1/audio-analysis/3PbsbZhmmnP6avCGm90ovX
0.801,0.797,5,-4.332,1,0.149,0.0432,2.72e-06,0.118,0.833,96.987,231493,4,https://api.spotify.com/v1/audio-analysis/7gSh8RNHaEciG0QUqlx2fN
0.533,0.372,1,-18.811,1,0.673,0.863,0.0,0.296,0.655,78.903,148547,3,https://api.spotify.com/v1/audio-analysis/7zm0Rdqqzf5gWwT14C8OBL
0.745,0.744,7,-6.295,1,0.121,0.0424,0.0,0.251,0.689,95.993,248587,4,https://api.spotify.com/v1/audio-analysis/06uGjA3zCQNxUIGa5dIcdQ
0.652,0.794,0,-6.604,1,0.0957,0.00808,0.0,0.298,0.545,92.045,261453,4,https://api.spotify.com/v1/audio-analysis/0Tb8sBQ9fseZbDRzRSxTdi
0.78,0.903,11,-5.396,0,0.347,0.502,0.0,0.28,0.842,96.603,131520,4,https://api.spotify.com/v1/audio-analysis/4dJyQgYboxG7Bqh57AeRN8
0.722,0.961,11,-2.548,0,0.267,0.203,0.0,0.121,0.678,118.016,247160,4,https://api.spotify.com/v1/audio-analysis/6bCoSWW1zyQrwQDSMEmsVy
0.558,0.944,11,-3.106,0,0.239,0.101,0.0,0.0995,0.851,105.169,205400,4,https://api.spotify.com/v1/audio-analysis/4DHWpbu7t1IAJHbAjWOI3T
0.704,0.393,5,-6.574,1,0.0461,0.0513,0.0,0.108,0.425,132.032,87053,4,https://api.spotify.com/v1/audio-analysis/6XlwoLi2qTcgal7gnKskTU
0.455,0.9,7,-5.029,1,0.393,0.272,0.0,0.0945,0.188,150.14,70531,4,https://api.spotify.com/v1/audio-analysis/0JGu0xqr67505BqwM3FZlf
0.595,0.914,11,-3.764,0,0.166,0.0389,0.0,0.457,0.572,146.89,209752,4,https://api.spotify.com/v1/audio-analysis/31R69Q6kDKLK9RXlk95wMf
0.801,0.797,2,-4.319,0,0.163,0.0405,2.39e-06,0.115,0.801,97.009,230885,4,https://api.spotify.com/v1/audio-analysis/528Ki4BpfXpju2v5yNhvbn
0.535,0.382,1,-18.76,1,0.645,0.852,0.0,0.311,0.609,86.969,148073,4,https://api.spotify.com/v1/audio-analysis/521yvCw7RvWp010VcWwnD7
0.744,0.725,7,-6.29,1,0.112,0.0434,0.0,0.296,0.729,95.981,247450,4,https://api.spotify.com/v1/audio-analysis/4dTVkLLxS8HR23oHBNIpdl
0.656,0.798,0,-6.608,1,0.103,0.00862,0.0,0.321,0.573,92.031,260433,4,https://api.spotify.com/v1/audio-analysis/1jOwlowZiYIVb6WllPRgFY
0.751,0.903,2,-5.413,1,0.354,0.539,0.0,0.343,0.858,96.548,131192,4,https://api.spotify.com/v1/audio-analysis/2SuqeYiclEgqckGYp9C8Wg
0.72,0.962,11,-2.555,0,0.268,0.2,0.0,0.165,0.667,118.025,246526,4,https://api.spotify.com/v1/audio-analysis/4TUcDPh3NzfA2mZAEGAnw8
0.564,0.945,11,-3.11,0,0.243,0.0789,0.0,0.0873,0.871,105.018,205061,4,https://api.spotify.com/v1/audio-analysis/709xiR1rR4diCcwtIOcrM2
0.693,0.392,5,-6.615,1,0.0439,0.0508,0.0,0.144,0.472,131.863,86045,4,https://api.spotify.com/v1/audio-analysis/08slAKTn93IIN2Sonomyrz
0.455,0.9,7,-5.029,1,0.393,0.272,0.0,0.0945,0.188,150.14,70531,4,https://api.spotify.com/v1/audio-analysis/3Jqecns7MfqxumyVCyXgJA
0.594,0.914,11,-3.764,0,0.167,0.0389,0.0,0.457,0.571,146.885,209752,4,https://api.spotify.com/v1/audio-analysis/1hehPTlSVIhHEvCkVoe4HX
0.801,0.797,2,-4.319,0,0.163,0.0405,2.37e-06,0.115,0.801,97.01,230885,4,https://api.spotify.com/v1/audio-analysis/24WkSw7HQ8JIfcEefvJkcq
0.523,0.382,1,-18.76,1,0.611,0.852,0.0,0.311,0.611,93.151,148073,4,https://api.spotify.com/v1/audio-analysis/5sEccmgjDBxmV5cKeXtwBh
0.744,0.725,7,-6.29,1,0.112,0.0434,0.0,0.296,0.73,95.983,247450,4,https://api.spotify.com/v1/audio-analysis/01hvI4BrrUbBuyIXewP4AD
0.656,0.798,0,-6.608,1,0.103,0.00862,0.0,0.321,0.572,92.03,260433,4,https://api.spotify.com/v1/audio-analysis/5IYnriBBJz1iz1ki3bJnWo
0.753,0.903,2,-5.414,1,0.354,0.541,0.0,0.343,0.858,96.547,131192,4,https://api.spotify.com/v1/audio-analysis/0do2tFk8lqFdNL2TYAlslN
0.719,0.962,11,-2.555,0,0.265,0.202,0.0,0.165,0.669,117.999,246526,4,https://api.spotify.com/v1/audio-analysis/2BNuFV7ROaRHu2j3N6k729
0.564,0.945,11,-3.11,0,0.243,0.0789,0.0,0.0873,0.871,105.018,205061,4,https://api.spotify.com/v1/audio-analysis/1yFEQO3mOtDAje6rOyj2Cf
0.693,0.392,5,-6.615,1,0.0439,0.0508,0.0,0.144,0.473,131.863,86045,4,https://api.spotify.com/v1/audio-analysis/5kD6DnMehM1XD8dvS83Xzu
0.899,0.821,3,-6.271,0,0.237,0.194,0.524,0.163,0.581,94.895,64133,4,https://api.spotify.com/v1/audio-analysis/1FHEwpwBnBB71okVG6879b
0.755,0.956,8,-5.116,0,0.15,0.0104,1.06e-05,0.144,0.883,144.091,223907,4,https://api.spotify.com/v1/audio-analysis/4dtUOhLeJl9tQ5gYwbt6Ir
0.56,0.358,2,-18.016,1,0.775,0.917,0.0,0.924,0.766,101.387,131907,4,https://api.spotify.com/v1/audio-analysis/4BhwFbiT2oETdYGBlw2GMK
0.435,0.859,2,-5.193,1,0.468,0.0131,5.74e-06,0.435,0.641,167.873,222053,4,https://api.spotify.com/v1/audio-analysis/0MZBOuIh4UZZDu9edh6tfJ
0.0,0.26,1,-13.402,0,0.0,0.525,0.868,0.387,0.0,0.0,52453,0,https://api.spotify.com/v1/audio-analysis/7eyVvI5RFs54THKhdTK5i5
0.738,0.729,0,-4.173,0,0.071,0.3,0.0,0.257,0.764,100.95,231893,4,https://api.spotify.com/v1/audio-analysis/6h53Ks7v6dUVJBTDTkXZ2t
0.734,0.508,7,-11.614,1,0.494,0.529,0.0,0.0713,0.869,94.199,323987,4,https://api.spotify.com/v1/audio-analysis/7oZIzC9WUA8kIL3hjisedU
0.892,0.846,5,-6.249,0,0.238,0.18,0.402,0.181,0.553,94.857,63792,4,https://api.spotify.com/v1/audio-analysis/6yjZ6og4sZ0D8L90WSOQYR
0.754,0.952,8,-5.11,0,0.153,0.00945,5.95e-06,0.189,0.868,144.054,225360,4,https://api.spotify.com/v1/audio-analysis/6GSJdwVh2BP3DKWCb1J6Dd
0.591,0.362,11,-18.032,0,0.774,0.915,0.0,0.923,0.764,104.163,131140,4,https://api.spotify.com/v1/audio-analysis/0eOEW0vZv1RxeeUGZYaU28
0.436,0.869,2,-5.174,1,0.472,0.0124,1.6e-06,0.494,0.612,167.771,221593,4,https://api.spotify.com/v1/audio-analysis/3SL56hcSGEPuXXSM3M4v1w
0.926,0.255,1,-13.39,0,0.336,0.539,0.878,0.389,0.839,125.895,52439,4,https://api.spotify.com/v1/audio-analysis/6BqS3su17WWA8UyoEeA30u
0.582,0.727,0,-4.174,0,0.116,0.273,0.0,0.245,0.768,100.45,231883,4,https://api.spotify.com/v1/audio-analysis/486Z0sBxfwyMWIzjzb0ISn
0.734,0.518,7,-11.602,1,0.505,0.529,0.0,0.31,0.866,94.114,321664,4,https://api.spotify.com/v1/audio-analysis/02VZAvLQKOQM2isZcDuZw2
0.893,0.846,5,-6.249,0,0.238,0.18,0.402,0.181,0.553,94.857,63792,4,https://api.spotify.com/v1/audio-analysis/6iLsw1px2fqrC4xc8YZM2O
0.754,0.952,8,-5.11,0,0.153,0.00945,6.27e-06,0.189,0.868,144.051,225360,4,https://api.spotify.com/v1/audio-analysis/2Kspa0jD2MSkaEdonf4Cnb
0.572,0.362,2,-18.032,1,0.816,0.915,0.0,0.923,0.759,103.96,131140,4,https://api.spotify.com/v1/audio-analysis/6ohNJGpxULU8PNORvEhwR6
0.436,0.869,2,-5.174,1,0.472,0.0124,1.6e-06,0.494,0.612,167.766,221593,4,https://api.spotify.com/v1/audio-analysis/4frlkLwlnm58ejpNwWjxyl
0.926,0.256,1,-13.39,0,0.336,0.539,0.878,0.389,0.839,125.895,52439,4,https://api.spotify.com/v1/audio-analysis/19oZRCn6gzQGdKRmv3XmNk
0.582,0.726,0,-4.174,0,0.116,0.271,0.0,0.227,0.768,100.45,231883,4,https://api.spotify.com/v1/audio-analysis/1HQHuPpr2s2z3VIBTLtUmv
0.703,0.518,7,-11.602,1,0.522,0.529,0.0,0.31,0.866,94.114,321664,4,https://api.spotify.com/v1/audio-analysis/2vr3YaIhvyfEgMQrFdXxtW
